"File","27 -> 27  Al  [ H2 ]","31 -> 47  P  [ N2O ]","45 -> 61  Sc  [ N2O ]","56 -> 56  Fe  [ H2 ]","59  Co  [ He ]","60  Ni  [ He ]","65  Cu  [ He ]","66  Zn  [ He ]","69 -> 69  Ga  [ N2O ]","71 -> 71  Ga  [ N2O ]","78 -> 78  Se  [ H2 ]","85  Rb  [ He ]","88  Sr  [ He ]","89 -> 105  Y  [ N2O ]","90 -> 106  Zr  [ N2O ]","111  Cd  [ He ]","121  Sb  [ He ]","125  Te  [ He ]","130 -> 130  Te  [ N2O ]","137 -> 137  Ba  [ N2O ]","139 -> 155  La  [ N2O ]","140 -> 156  Ce  [ N2O ]","141 -> 157  Pr  [ N2O ]","146 -> 162  Nd  [ N2O ]","147 -> 163  Sm  [ N2O ]","153 -> 169  Eu  [ N2O ]","157 -> 173  Gd  [ N2O ]","159 -> 175  Tb  [ N2O ]","163 -> 179  Dy  [ N2O ]","165 -> 181  Ho  [ N2O ]","166 -> 182  Er  [ N2O ]","169 -> 185  Tm  [ N2O ]","172 -> 188  Yb  [ N2O ]","175 -> 191  Lu  [ N2O ]","101  Ru  [ He ]","105  Pd  [ He ]","185 -> 217  Re  [ N2O ]","195  Pt  [ He ]","197  Au  [ He ]","200 -> 200  Hg  [ H2 ]","202 -> 202  Hg  [ H2 ]","205  Tl  [ He ]","206  Pb  [ He ]","107  Ag  [ He ]","208  Pb  [ He ]","209  Bi  [ He ]","232  Th  [ He ]","238  U  [ He ]"
"USE-01-R1",5.86001131136544,4.94852874034537,2.37719599284859,5.84461367330242,3.43377191390851,3.9536311953702,4.71409942637867,5.2192648390914,2.03878019335139,2.31038076055866,2.14730507455302,3.00648575390733,4.20170690438704,2.67827038613144,3.29652080379071,0.890544516159413,2.09645299286507,1.24017626666764,0.771903662210184,4.18682090737645,2.90102952733828,3.29836670506373,2.28014853943436,2.7796360864829,2.0487204022563,1.33819308950461,2.0114135954476,1.18911852574494,1.91482641635315,1.21993437940836,1.67839582479345,0.807891934047427,1.59766048631074,0.784712062364547,-0.934885246522087,1.53107545870117,0.709693689667644,0.355025060421289,-1.41652776255884,1.31356119808419,1.46578349357976,0.932442976078681,3.71021961634571,1.07790615495503,3.6651892848025,1.11964266452701,2.27044751236792,1.82357372046368
"USE-01-R2",5.69622466980455,4.9286570529645,2.29189016025067,5.70116650804817,3.38353386707772,3.85594457239064,5.06587440319191,5.19850126535894,1.88383088405397,2.19607937655998,2.18598701948979,2.93086549199956,4.25345886863752,2.55628864406435,3.20930259527394,1.34442393206478,2.03625539159363,0.579202876383742,1.01811931069029,4.12648810623577,2.73818936580187,3.15458511303094,2.07955522992048,2.59510250772538,1.81387067688986,1.21675263175015,1.84645583472231,0.986608762104043,1.75293107060837,1.07530071358176,1.5076965379337,0.728923581867161,1.47695929002421,0.619443568828859,-0.934885246522087,1.60081485726106,0.709693689667644,0.088195107267843,-1.41652776255884,1.05557461813018,1.0643730789156,0.821943488875449,3.65250946511677,1.07556831664997,3.60783049250496,0.265918089082066,2.11061303843762,1.74166720344428
"USE-01-R3",6.02344319284432,5.16481872544398,2.59364695653848,5.97846878823091,3.55806645443172,3.87610715496033,4.99819515899805,5.20328981648017,2.23187861881604,2.50809838266193,2.43622335864728,3.22954194763845,4.48356997894142,2.8415519255734,3.34657958948439,1.46478880701845,2.03732481966372,1.40196036916738,1.03368803373109,4.37716123909516,2.99618177849619,3.39342520114812,2.34143968777037,2.85908097309532,2.12661160451265,1.5177623030914,2.10282598944255,1.28176580232716,2.04383840268299,1.38460157180588,1.82386496874798,1.00933767452036,1.72899650341909,1.01069234991421,-0.128416329514814,1.79289089761908,1.11564973613532,0.578265209513354,-1.41652776255884,0.981773027700612,0.999949393316422,1.09738361863836,3.83108350528009,1.34364873362333,3.78972592472484,0.907463606527829,2.39936475169595,2.00497778207117
"USE-02-R1",5.95658226256214,4.98504502656725,2.52025620047502,5.76172816006375,2.683091866879,2.84045519895861,4.5210508000972,4.48312431467804,1.99035760110024,2.36121374434029,1.75277777245312,3.07801462329866,4.11666505840846,2.71354008940205,3.68569538687061,1.36824820380221,2.82230827103305,0.579202876383742,0.751399436298863,4.03822274123246,2.72322901808802,3.13909607838295,2.12433682366386,2.65580719662449,1.95068962551498,1.32396138727738,1.92421269072088,1.15270128795936,1.91666202516108,1.23915336630306,1.65676955984713,0.807978544328851,1.65335698962014,0.787602591074398,-0.934885246522087,1.57200656209857,0.709693689667644,1.04395925232011,1.51676233505828,-2.24969918391378,-0.886502503402452,0.919002488639761,3.69029884067286,1.13999701265605,3.64429069534725,3.20552506743195,2.37647775675599,1.79484687133075
"USE-02-R2",6.07843914891207,5.08773477677345,2.63221184332831,5.86728880226774,2.87077277225992,2.99111119807175,4.67779107377047,4.58085182467912,2.12811925145575,2.49486056802949,1.8609602529591,3.20886608431157,4.24466410835151,2.86038612457948,3.76037693055279,1.44369002401131,2.19371184779314,0.880232872047723,-0.874520066371068,4.10957324703593,2.89013710753684,3.30614037408662,2.29977743379317,2.83624157025458,2.10519029803144,1.46038650211895,2.09589741900183,1.31071418462427,2.03146823214772,1.3545212934556,1.84463699259728,1.04694922201777,1.71552312438954,0.921755123902839,-0.633855250858106,1.63115256050745,0.709693689667644,0.993315176085306,1.60704858432316,-2.24969918391378,-0.886502503402452,1.0798970854197,3.82277171194566,2.6847190566201,3.77642754113175,3.26179689972897,2.512707374012,1.90263153631309
"USE-02-R3",6.00663326884485,5.10540836935296,2.59797795796943,5.81994674315528,2.84361345207423,2.97156836195721,4.66568647238912,4.62792027708032,2.03681672825853,2.43638690322289,1.60965064929193,3.14836804755572,4.2378849737344,2.79448686921318,3.76529574978627,1.47788177019715,2.10918129232168,0.579202876383742,-0.874520066371068,4.08354650173718,2.82149376873971,3.23638215223959,2.21241639995912,2.72378344486637,2.05369270188615,1.36533446170034,2.00697516345179,1.24892802886801,1.97279259357522,1.28695970353725,1.75347204834087,0.919084588331235,1.69701414627088,0.972284451045201,-0.0928160773066527,1.67401692291024,0.709693689667644,1.04754618729214,1.61273095689274,-2.24969918391378,1.15387819688026,0.980182104799912,3.83853979440811,1.29024483439382,3.78140445507477,3.27128537164801,2.4094335545713,1.82661907827143
"USE-05-R1",5.50242756646596,4.37603371452904,1.6945624076353,5.38048466281485,2.04384955189448,2.56198990117905,4.67229526189401,5.25558569861325,1.31627536433443,1.78299067586333,1.06928996038264,2.3308800025619,3.21024231440989,1.94555628166141,3.14225963144647,0.793797382116661,1.88735164665952,0.579202876383742,0.134292882760749,3.92209397296654,1.99170365454424,2.33275522360675,1.30773899538078,1.85298802174157,1.14182096404748,0.533238207752352,1.08958489383903,0.306647524632905,1.11221583759861,0.50682835910284,0.876184550054321,-0.0629740400486561,0.704038071691162,-0.0696502894717068,-0.0220363174268173,0.528999848436424,0.709693689667644,-0.528529228021022,-1.41652776255884,-2.24969918391378,-0.886502503402452,1.02348270274648,2.87935098073159,0.844608265844085,2.83888039076934,0.389124279535885,1.42931397456567,0.952201309299396
"USE-05-R2",5.54801364140855,4.4134993011148,1.69968264285893,5.44392415886036,2.20925942054541,2.892047663231,4.70520334443643,5.27314066656957,1.29631389885608,1.84904407490381,0.0406764534616182,2.40358234078866,3.26695709852922,2.0169963365241,3.24083624259817,0.777452152166743,1.95419744837066,0.941159195306832,-0.874520066371068,3.894309565478,2.20542319341008,2.51602788924651,1.55058847013748,2.03173198236158,1.31106385587507,0.620436225819562,1.2206390689742,0.457975204902654,1.2442423884927,0.453768806138536,0.91183111189091,-0.131979443178226,0.929050741329328,0.00412131372492538,-0.558095146916614,0.538273385825663,0.709693689667644,0.382662957234962,-1.41652776255884,-2.24969918391378,-0.886502503402452,0.756258812687245,2.99242573814405,0.838284261639253,2.95004463636231,-0.00389181632399752,1.71992008317519,1.08697825252526
"USE-05-R3",5.53451094521149,4.42072833202052,1.58881608830744,5.38564499934239,2.07738456870844,2.54996214477712,4.9248815717509,5.32121281332908,1.16956294832563,1.75355252910608,1.11179925417748,2.29275182370509,3.21361240258632,1.93614234649157,3.24644591327868,1.00690928458914,2.14754567775235,0.919449423360358,-0.874520066371068,3.84342961790643,1.93617962223393,2.25142463794831,1.2706600870858,1.82282943555103,1.07403950454567,0.44982554291339,1.00892463220789,0.213752449059523,1.02460327311145,0.315803891022032,0.823963471580585,-0.0218401626303669,0.702948750606027,-0.145504526813488,-0.934885246522087,0.0793776909254363,1.4345749471406,0.110066064735312,-1.41652776255884,-2.24969918391378,-0.886502503402452,0.520984758234123,2.93293097087745,1.1763586148361,2.8935628727509,0.79657136627624,1.40307685623231,0.946312775152731
"USE-06-R1",6.50603185268241,5.45736201461472,3.0332461736618,6.38826194487243,3.00126968256993,3.56007209395228,5.2222769965835,4.2993113482118,2.77679110495366,2.98925762629529,2.3222668984405,3.71771525584704,4.79803645195052,3.28708785360934,4.09662711866031,1.88327294716149,3.77866173599483,0.579202876383742,1.08443333626191,4.74185144692768,3.31995317431971,3.6216421406406,2.67933250336451,3.19782197549267,2.47406067797765,1.90049468098248,2.43654661275777,1.63900141303362,2.37937387742792,1.7163074736078,2.18846708555278,1.33296557794004,2.06763511603704,1.22488289901804,0.246852568806822,2.18525548115874,0.709693689667644,1.33313332699958,1.01425837524026,0.648193430753685,1.34662309966804,1.49921304791279,3.61712325925612,1.61743138932964,3.56514661671469,0.909900561986399,2.84705008376463,2.3742009719864
"USE-06-R2",6.43692681946323,5.38887300793831,2.96222492714569,6.35911923856192,2.92300322355258,3.51662224962299,5.22960212914204,4.28458098180294,2.70858048857042,2.92539139895261,2.26167336177008,3.64969995855945,4.74636601286246,3.13875763906525,3.95736887278473,1.83066542767845,3.79155363240304,0.579202876383742,0.394034576231915,4.68208650514674,3.18590189786204,3.51228751527306,2.56332192776731,3.06990940598177,2.3621917071835,1.7442917854835,2.34788925169312,1.52519045981507,2.28213743659704,1.57994982489146,2.05574544923904,1.18249136070731,1.98479692745385,1.12820459391542,0.5454687543673,2.15285702406399,0.709693689667644,1.03911102076977,0.784390623315041,0.993340280041549,0.788770846201883,1.38714950106534,3.54979716166963,1.51570790185904,3.49179044887598,0.552850429775693,2.72437833306108,2.28210720748897
"USE-06-R3",6.28726758728096,5.28376826084548,2.83610787686967,6.20383578352375,2.71920438184767,3.32923061749988,5.26556651951384,4.19585698621111,2.59267224565077,2.76123165405127,1.84328282696267,3.44919068845132,4.64618956120141,3.05080719477407,3.80123310623597,1.7202631871075,3.33521511505545,0.579202876383742,-0.874520066371068,4.65600664537075,3.06504126216426,3.36093880186747,2.42199967766906,2.95907069573895,2.25539237578114,1.65941755590036,2.26826819257333,1.45976819119363,2.2070927123644,1.5201146168639,2.01268294211182,1.13685643399771,1.90654440570866,1.10337934691888,0.248566102226852,2.02956080125089,0.709693689667644,1.00091468021955,0.742969732749422,0.188579775852913,0.261515632762492,1.12834262608058,3.2373645268409,1.42800491104109,3.19560586469368,-1.14099268409711,2.48966004570081,2.0997572344626
"USE-07-R1",5.80681147026148,4.94006271587506,2.17341577210144,5.54870588528274,2.68820866386998,3.1042509138416,5.35136843781467,4.08362158617872,1.8657788183956,2.20097240309781,1.46758766870283,2.79843103793318,3.91463680533948,2.27417345520909,3.18747157426321,1.15645371696686,2.49247488087859,0.579202876383742,-0.874520066371068,4.06523183707405,2.49442169367209,2.82274006860504,1.842719994253,2.35682595064562,1.54878868565886,0.97833289988217,1.54723237061684,0.742353498280265,1.49686831118029,0.811346607934152,1.29918846979643,0.333224271007558,1.2504507929553,0.306359484132524,-0.934885246522087,1.25028562590728,0.709693689667644,-1.47296746722647,-1.41652776255884,0.353178502308592,-0.886502503402452,0.397709896336482,3.43578230206278,0.821836858110968,3.37995427121683,1.3813634497399,1.91305947141176,1.50238863620102
"USE-07-R2",5.61211243158882,4.90684635098292,2.01299445052625,5.36325726728863,2.7933573613966,2.76226856025233,5.10189516631175,3.97846137666732,1.77264605026787,2.00813499734342,1.36622602040148,2.56725805764872,3.67794547346728,2.12944859162952,3.16167552735407,0.986393410224574,2.57531949992475,0.579202876383742,-0.106107245333933,4.01190148591025,2.23894831511439,2.62692207425752,1.59993126083752,2.12488363895471,1.3909075391176,0.84498502564828,1.38583423271223,0.542218614539934,1.319684245759,0.635516155176168,1.1187314999435,0.173709190792493,1.01173893037195,0.250238673623593,-0.934885246522087,1.08271948242088,0.709693689667644,-0.428748873229208,-0.0881502495430138,0.370595474349994,-0.886502503402452,0.606262943950989,3.36603233753307,0.742095975241398,3.32169337616763,1.10049205962495,1.65036681208021,1.2467664522272
"USE-07-R3",5.45373107860441,4.85821628842019,1.92258727065301,5.22241920204155,2.65828662740501,2.48725129004739,4.90281692906575,3.93362278070296,1.44949730580705,1.85072160574123,0.798439207664521,2.40774369446267,3.5172549342094,2.00456006863741,3.21548119793094,0.820058100940869,3.01723693486457,0.579202876383742,-0.874520066371068,3.8717050535922,2.10518472483943,2.51377985743445,1.45632067639584,1.96067713316184,1.27700391991257,0.70874026113477,1.33080226194552,0.506934606082279,1.17585164852246,0.546805909478689,0.979777014425683,0.0565479531659515,0.962095599864017,-0.0551224072162453,-0.271409956992275,0.818182834961879,0.709693689667644,0.27655051264431,1.06354879529249,-0.841238281596176,-0.0203403755526894,0.266851927410744,3.24597594360719,0.714295695189297,3.19627552065257,0.0680444404172112,1.53787890075536,1.18294533736294
"USE-09-R1",6.32874141027394,5.01820389257799,2.34265129253656,5.70286388570617,2.89107759696424,2.93572767171234,5.36647902240582,4.18305425671301,2.21370398616035,2.66368190915507,1.78504974408745,3.02957356929584,4.33353593795592,2.45843865270032,3.2875090444061,1.32232119352121,2.25818970123103,0.579202876383742,-0.874520066371068,4.21018274370035,2.56687953986301,2.94684414035938,1.94054134933054,2.4592432086455,1.70240959615187,1.16075651616111,1.73645334491866,0.855969789347137,1.68427110433686,0.971199248072343,1.43123120720925,0.57621898614294,1.36127209991879,0.593793478815209,0.0234482275255661,1.72189756127239,0.709693689667644,0.312926458206009,-1.41652776255884,0.209461604283579,0.427676405882306,1.35098290049593,3.39897688516137,1.15372145431236,3.3511508684192,-1.14099268409711,2.06228828430928,1.70507239297913
"USE-09-R2",6.33427696835514,4.95608569297687,2.29414645319917,5.63874335843974,2.79342072238065,2.87908597886221,5.62373049600275,4.15790840952939,2.22438531409116,2.66510900425105,1.69891300250503,2.97898243778671,4.40372809011703,2.42832496422181,3.21911100866754,1.24113721816508,2.26932530668405,0.579202876383742,-0.573490070707087,4.2344020164236,2.55327978683787,2.93157396419786,1.91872985180448,2.41358786053028,1.6823672495037,1.16933035102956,1.70057442055508,0.873703820676647,1.60277609012883,0.898969740520907,1.41992988572754,0.578984968243853,1.28598417402873,0.440971681570974,-0.633342901938505,1.76205222693348,0.709693689667644,0.351662350109569,-1.41652776255884,-2.24969918391378,-0.886502503402452,0.900377972246714,3.30676919309181,0.991406730574886,3.25516634206548,-1.14099268409711,2.02649490912694,1.86735636982476
"USE-09-R3",6.3297633690619,4.98195918330549,2.26235759362962,5.61143348848836,2.82118208674102,2.86332267515789,5.3562108236259,4.13236496603447,2.18718279439805,2.65440627650748,0.857033440234911,2.94911306919565,4.33460086701073,2.43706342996629,3.20694187369207,1.23862338985865,2.21584973340531,0.905831119067364,0.455946565315123,4.18830462357028,2.5615052819918,2.94880728314188,1.90829074323852,2.45157549449382,1.74186912389115,1.16767264457609,1.73030929836597,0.887121044813482,1.61403108128803,0.908347680531871,1.39917086748534,0.438702673201883,1.38093350577472,0.509370144469091,-0.934885246522087,1.72276992785331,0.709693689667644,-1.47296746722647,-1.41652776255884,-2.24969918391378,-0.58547250773847,0.878715633002743,3.3050205743989,1.04084678125667,3.25141256283559,-1.14099268409711,1.97554237032258,1.68069126820703
"USE-11-R1",7.22896621027729,5.28211427388127,3.28347294044904,6.12463599078095,3.0962823437951,3.7753649922136,4.9995433589215,7.13870864265966,5.1741143900256,3.73767834267264,1.83026559070645,3.31800223643835,5.55886712050614,3.72056553239685,3.80878289982338,2.53103023907154,3.56808164716401,1.08383889361712,3.1615287386405,7.13674931188528,3.97397084370213,4.18643318569454,3.32412812245391,3.8148805749141,3.06562235353944,2.46092722020964,3.01621715560064,2.20053925920023,2.93354367767329,2.24705189131539,2.72482982562918,1.86759932883526,2.61286179140701,1.80249516707353,0.280163468567337,2.69474479239631,0.709693689667644,0.792687457915171,1.20949648442817,1.34560162644734,1.29544682941488,1.30281865991656,3.87529511600808,1.41876125195087,3.81951563820671,1.92396909581299,3.1447954275913,2.8995069047591
"USE-11-R2",6.94976180225294,5.17452234143981,3.20328690754792,5.88605182258131,3.04080689322741,3.46834554800276,4.86902009276774,6.78467607190565,4.81044708542529,3.38783664603611,1.92593486236578,3.12269838749987,5.24012109659026,3.41412866704625,3.81549725270536,2.28430447803196,4.0750764410474,0.579202876383742,2.86174730549175,6.8178810157636,3.66115764025384,3.89573288416422,2.98574313075312,3.48776832960211,2.73649934076371,2.13341071609375,2.69020956022442,1.87056848243374,2.60387250869068,1.93795310457834,2.41115179950855,1.57818426759753,2.31062211864327,1.48293019691487,0.097360038334386,2.37563070236243,0.709693689667644,0.460195600052291,0.679886199624719,0.832074717392287,1.32920819072991,1.15092318692745,3.64354069531131,1.53102439011208,3.59306155294126,1.99110975780858,2.85063197619162,2.64144203958079
"USE-11-R3",7.1057421797365,5.19566491116386,3.23624907461538,6.03147655608912,3.06398547493871,3.64475669244558,4.91131662068369,6.98443643313597,5.0547032983457,3.59639101094032,1.91107919725622,3.26550993934735,5.42775981129172,3.58887135137294,3.78821528378965,2.44758389562834,3.83338929188435,0.579202876383742,3.07968828348024,6.99058267210958,3.84095790311106,4.04716774116154,3.18344834149536,3.67119449120067,2.92113138006954,2.31734989087263,2.88781578029328,2.05993368706785,2.80244522229515,2.11148687401879,2.57931254656434,1.72409931286975,2.47323611555649,1.6889156696787,0.38993157596748,2.56078483294976,0.709693689667644,1.06920258413298,1.094493095118,1.2765379149133,1.38118566457043,1.3033959106828,3.79876850329703,1.61901696247819,3.7462491658055,1.95150527174301,3.00500916832914,2.7840305312502
"USE-12-R1",6.1454690824953,5.25158759919633,2.60299733474538,6.09458175166106,2.82393336097171,3.29460184997049,5.48290958349344,4.80506193335671,2.28066947949593,2.61128202474534,1.92969997425167,3.29842556170981,4.35715057113359,2.76255969052842,3.35438944287472,1.63526913145949,2.81335218891417,0.579202876383742,-0.874520066371068,4.36382382188032,2.95461246596649,3.21626640733077,2.24504608460989,2.77791290361575,2.03707884097269,1.46379006284453,2.06068654073476,1.20203589579014,1.93791505835927,1.27005998468392,1.72773227041793,0.907357554990231,1.68361762310092,0.849117451747229,0.50393040612473,1.69426535581239,0.709693689667644,-1.47296746722647,-1.41652776255884,0.341157017692108,-0.053774251502468,1.13047375219446,3.55442452860668,1.07604089657045,3.49690420412036,1.50940566015833,2.40938622098195,1.8840143015375
"USE-12-R2",5.92061088798713,5.04517607983217,2.37653360023957,5.86895655265466,2.51604069000381,3.16330958984363,5.33110259473804,4.68827685546998,2.04171788446449,2.40202705731536,1.77363146853482,3.1062516261152,4.16565345758866,2.55666668956095,3.23891101660697,1.17071078175254,2.59476962738417,0.579202876383742,-0.874520066371068,4.30786648513838,2.65480517767599,2.95992990264702,2.03325838216727,2.53098070985275,1.82724432042599,1.24709338786575,1.75017919721413,0.989630311610151,1.72109162006951,1.07113043095475,1.56352357037602,0.665522823963605,1.54057779132857,0.690836188772351,0.023269339877314,1.45583570464834,0.709693689667644,-1.47296746722647,-1.41652776255884,-2.24969918391378,0.431878967386984,0.818886008278887,3.4020705222162,1.07408931174163,3.35215840111694,1.066490494716,2.20471029963764,1.68381737390792
"USE-12-R3",6.16625670171648,5.18010589646782,2.62017786798525,6.08164122434503,2.76503365839516,3.47011019914529,5.32070132523003,4.56652273435017,2.28678782364417,2.65018752190192,2.04732139576998,3.34076199139447,4.28877569137989,2.78611744205832,3.42031069485489,1.46498708335065,2.53564340661795,0.579202876383742,0.456200093916546,4.40409902811535,2.93879214945852,3.22698464449149,2.26684117079696,2.80022901711554,2.02805192159338,1.49853171305972,2.05207376017373,1.27512915874397,1.99658419557714,1.32472110891972,1.81210550789653,0.886408487395996,1.66252176148628,0.888462198420773,-0.934885246522087,1.59768734574818,0.709693689667644,1.71062090667578,-1.41652776255884,-2.24969918391378,0.666825808192882,1.05938044785111,3.53963045905715,1.14527544255143,3.48723963787723,1.30479690064646,2.39125540294259,1.88419121399984
"USE-13-R1",6.78001420387116,5.43275868698866,3.0952810002132,6.54985282921639,3.08424773276822,3.96065984379192,6.02721422349847,4.25930805027837,2.81638267893188,3.24276570139226,1.90594783367886,3.76916958091392,4.39590770158136,3.24069548390534,3.96539529238884,1.95543885159617,1.98069850945529,0.962821243340938,0.772171844127258,4.70153205708994,3.51637528060903,3.79713537743039,2.86683288374685,3.36336216873502,2.61376722052763,2.01511228271902,2.59824120279406,1.76593437825719,2.51123647960355,1.830634522314,2.29821467207342,1.45654075990591,2.24623443636294,1.40033224579851,0.189852219178113,1.83223129306063,0.709693689667644,1.05762932344959,1.07857353624801,0.733116923275409,0.89377645778644,1.40960622650555,3.26072287136995,1.46844647213894,3.19635951660879,0.676135007671348,2.91167040929598,2.44637970436127
"USE-13-R2",6.73424672101558,5.39690562182309,3.0491657810851,6.46943791832366,3.02888459776618,3.97134553718579,6.09221085675206,4.22200979288252,2.65754808563097,3.18765652253451,1.84144441511036,3.66229513951833,4.30113050552593,3.16384916463153,3.90464877807867,1.97934343615005,2.12370784004586,0.579202876383742,0.597536213873767,4.47538149998227,3.23736249854177,3.54870837354649,2.65822019633223,3.18750157229925,2.49469045072161,1.94126546158864,2.50608608390146,1.67212010813239,2.43805971078443,1.74969829605493,2.25126028660951,1.40891948360151,2.15547458726939,1.3319756860409,-0.00595101765601679,1.65493699158514,0.709693689667644,0.844655486738678,1.05242135416149,0.677673372354571,0.887921654468793,1.34812420933526,3.19355998382852,1.39061412989709,3.13746819041889,0.724881611089078,2.73356525676978,2.35989424298155
"USE-13-R3",6.76179632869939,5.431628501579,3.1010120245174,6.50175248408383,3.05597043770514,3.89851595345938,6.02159345612202,4.2253771511185,2.71493154099875,3.21642641974216,1.96514702562387,3.72013442688141,4.29256375338757,3.22086952595736,3.91619087348505,1.89281838641053,1.98291975619825,0.579202876383742,0.378881996601617,4.56059974186905,3.27823981864929,3.60960359177569,2.72528581708655,3.25802314357344,2.58492660237845,1.98086355855286,2.54624302241499,1.75520070087735,2.48621378950082,1.79510160174435,2.26887213257402,1.43860622656781,2.21074968518042,1.39402716402164,0.261416633252629,1.78341575897132,0.709693689667644,0.854426693853241,0.852738411339768,-2.24969918391378,0.874623059323466,1.32073156284829,3.21834915523147,1.47609201313073,3.16085830065136,0.581893874842183,2.77184568442059,2.42015254275466
"USE-14-R1",5.51342359105499,4.79104598083377,2.26489333824018,5.75574159486092,2.01708867942006,3.25842641432419,5.79201568734245,3.84383928329763,1.33443363667195,1.95360183130471,1.27676024876178,2.52818781200555,3.79475837954215,2.26786815153872,3.26637285153124,1.3592657604399,1.56413062810297,0.579202876383742,-0.874520066371068,3.96172646081967,2.19619509961242,2.46987112120863,1.60766651864116,2.13761116414969,1.42151902490724,0.852015133218975,1.39424524540122,0.623805388939968,1.36439583934777,0.65264593815738,1.20062284302334,0.283162674254251,1.0027659735434,0.413909732853017,-0.330851365413551,0.974033516339253,1.08930595929227,-1.47296746722647,-1.41652776255884,-2.24969918391378,-0.0232744307330882,0.0382412195328038,3.32218542766605,1.01699030077187,3.27883833362368,-1.14099268409711,1.63068854552013,1.27239075485767
"USE-14-R2",5.47200219657181,4.86686555211928,2.25119237272337,5.74296763784136,1.96877368662052,3.40217686091773,5.88187847147036,3.99610028352819,1.30116694105964,1.86471732613797,1.06247091011277,2.4121496728885,3.94325525908652,2.48100793768762,3.35047845043886,1.40162630513665,1.68526875110597,0.579202876383742,-0.874520066371068,3.98673807439229,2.43564337618344,2.7659002076132,1.92824111476707,2.48084460132201,1.79502537247862,1.07333932392727,1.79111034879743,0.963581224648783,1.70149564664037,0.988973952753383,1.44429315243388,0.619805054484856,1.3389897798073,0.551373344636176,-0.592348324846079,1.33594797597557,0.709693689667644,-1.47296746722647,0.773481486899355,-1.94866918824979,0.457004930089534,0.238954132623214,2.76214545765791,0.959438202238525,2.73652772789523,-1.14099268409711,1.57032366555271,1.45127574014927
"USE-14-R3",5.50205966956625,4.81250051859091,2.1244810487621,5.57309178845555,1.9733092301497,3.2769144618737,5.47784205871449,3.87803587436484,1.31960795600548,1.92982685480749,1.27019387339618,2.57153607029234,3.7116821970169,2.44110773941216,3.45884836549527,1.51568290553945,1.54260612734301,0.579202876383742,-0.874520066371068,3.93330861212139,2.30579018588594,2.59780606443005,1.75034943168944,2.30431180831313,1.58497269225507,1.05746993642264,1.64749428121339,0.797883990163406,1.58547062756325,0.888509464505517,1.39539226474723,0.467374404631448,1.25478473280017,0.392215871509538,-0.934885246522087,1.09005710804249,0.709693689667644,-1.17193747156248,0.822450968134555,-2.24969918391378,-0.886502503402452,-0.104712847691462,3.02701316326152,1.07123839056216,2.99207742240307,-1.14099268409711,1.79354642778993,1.37678480517781
"USE-15-R1",5.75026119529724,4.80648604185082,2.31606486809366,5.74560661515511,2.82546555476799,4.30113732111176,4.93439680026729,5.20350327064018,1.62025500665724,2.23404773097503,1.52003637166465,2.87938349244403,3.84343261881207,2.46868221316997,3.37004571610667,1.67644628998722,1.93721808255044,0.579202876383742,0.297636376527808,4.04087518848939,2.47107348065688,2.68010411387241,1.83940752075154,2.44508640251209,1.62870498503146,1.12500154124542,1.70898856566478,0.888678416729161,1.68370762260547,0.940568725369735,1.48412051378542,0.704571597271768,1.38874012195992,0.634111781855646,-0.934885246522087,1.12787475347178,0.709693689667644,-1.47296746722647,-1.41652776255884,-2.24969918391378,0.701390548525312,0.356233994173903,2.44026234442419,1.01916960707093,2.35769191722826,-1.14099268409711,1.95156963289404,1.69029464817539
"USE-15-R2",5.83139057111229,4.91213680207537,2.41537098579814,5.8138812468352,2.79841466673152,4.23806897952135,4.98281091368969,5.1928478179393,1.75243295435664,2.31356794633458,1.49869088479824,2.96344705469666,3.93150653907619,2.55576095268317,3.45620441534884,1.86053843145964,1.86481679075966,0.579202876383742,-0.874520066371068,4.06743843437458,2.55010314577173,2.78000495350405,1.91708548463899,2.52005150117759,1.80765347956092,1.27985052809571,1.73340262116724,1.02644885436067,1.78513068569387,1.10382754478617,1.52131400137577,0.665211626151163,1.43875764086782,0.728452018853686,-0.934885246522087,1.02798396311254,0.709693689667644,-1.47296746722647,-1.41652776255884,-2.24969918391378,0.515886888632619,0.481773305139536,2.51048954665982,1.13202849814375,2.45197413546498,-1.14099268409711,1.98144549805842,1.77396074004773
"USE-15-R3",5.72619489050125,4.81539202859231,2.31095919275634,5.72860373638602,2.84786998027085,4.3281787999969,4.86988253007712,5.16687576167021,1.58643433655424,2.22178711782996,1.38444330521652,2.86034706137712,3.90951000908965,2.47258034427682,3.39526997668282,1.61151320912619,1.84325690144867,0.579202876383742,0.675534058950664,4.04083810772112,2.45892549930741,2.67192145292834,1.81674549988265,2.42724156928914,1.69922210571373,1.12352556695029,1.7098657522024,0.858564330984957,1.65378342024421,0.936646074070909,1.46268462249875,0.601858978157749,1.36082710325669,0.616882279498827,-0.287137782486028,1.21121002670776,0.709693689667644,-1.47296746722647,-1.41652776255884,-2.24969918391378,0.181023676529499,0.242175257017033,2.41354548621688,1.03453073556563,2.35420586518337,-1.14099268409711,1.91041238776762,1.69501788235866
"USSB-03-R1",4.97940557280637,3.79589627191339,2.48498346590841,4.50916337287765,1.3528214925066,2.19495919746686,2.20251984856711,4.49939064913312,1.18344350949787,1.32781809434731,0.0406764534616182,2.08713352317303,4.28946176408946,1.95864960648321,2.94729307343599,1.02828673906857,2.21378825967423,0.579202876383742,-0.874520066371068,3.90057130365817,1.68933269532378,2.01080344372235,1.01650260383602,1.56766043339615,0.851311611625893,0.0809732647893828,0.907591604139619,-0.0109114877153198,0.932047446239296,0.265635036010822,0.692977991131646,-0.162672443664022,0.758180221232804,0.0149707244939343,0.669560709969933,1.80684158737417,0.709693689667644,1.12346964072841,0.831682499709994,1.15490890346408,0.705434051126021,-1.96165550277568,2.18406494471422,0.794689915500871,2.18305397470675,2.93656876028518,1.0643159959423,1.23779790659039
"USSB-03-R2",4.98105438454699,3.74122474443095,2.48207778621437,4.44799449033891,1.34175679216267,2.09342384394527,2.11577592107706,4.44583220865976,0.981685355466152,1.21551565027859,0.818320303104003,2.09064682525614,4.29754072773709,2.14489369510572,3.35586170308614,1.11739332029826,1.92140468759853,0.579202876383742,-0.874520066371068,3.82151541670545,1.67753235251437,1.98635881017325,1.0050542932703,1.59098999817815,0.940721116043483,0.134860506070346,0.853921760546435,0.00246615895781053,0.918811119054612,0.364019024101778,0.650560693826794,-0.117679275298514,0.654816816526883,-0.561306085742021,-0.100026265960787,1.85941991126084,0.709693689667644,1.39075551799158,1.64949533389098,0.666019309585739,1.00913790649235,-1.96165550277568,1.90614545748561,0.867632388265962,1.89318071362618,2.35221507827219,1.0795437933045,1.28513443888845
"USSB-03-R3",4.98461841106856,3.74935894452955,2.50393947714601,4.51661283353785,1.27889357833216,2.12359408713257,3.02527951312547,4.43682504120526,1.02231195002781,1.30807707255831,0.0406764534616182,2.06799298080614,4.30454068431926,2.07703236620374,3.28910309827427,1.18207922539674,2.02275021934886,0.579202876383742,-0.874520066371068,3.98598892521138,1.67498356736458,1.9795015274212,1.02002531193689,1.66996171030814,0.89195322968569,0.1604877880195,0.947612328167955,-0.147098309264384,1.0092821714398,0.334880744715215,0.758809805184376,-0.166090067543495,0.426554629548557,-0.097252005608672,-0.934885246522087,1.84070743397966,0.709693689667644,1.38867443911384,1.52515080640728,0.692638240383535,0.990670975800201,-1.6606255071117,1.99519746312405,0.972082468230947,1.95943534885217,2.35214051732925,1.25039020910044,1.37324638872862
"USSB-04-R1",5.22143941044456,3.1445978328514,0.450783940359228,3.85375632494826,-0.143259305753087,1.75729704059983,2.12022374095858,4.87858674701213,1.28053660008121,1.43817085368319,1.00697572810027,1.16864739856038,2.04924524663332,1.6311200105371,3.34444236363268,1.0748941880738,2.03905453187231,0.579202876383742,-0.874520066371068,3.70266916047532,0.647740361669279,0.960930702636859,-0.275164385219658,0.339785392786756,-0.579124896386595,-0.945649322870143,-0.347331987884389,-0.661453316314832,0.530422310841228,-0.159015610797738,0.334625452321013,-0.367271538912668,0.41043215541937,-0.382989319580697,0.37186374333356,0.102273820865476,0.709693689667644,1.15051227054242,1.20698096728009,0.820349946141558,0.870769681129341,-1.96165550277568,1.01826993190094,0.879601069972977,1.06949210692305,1.94555458737803,0.604813467986146,0.518480567085766
"USSB-04-R2",5.21122086323764,3.16952921241674,0.337409913987278,3.81566095530153,0.0362275868401784,1.76894643005501,2.09498575897621,4.89899106294977,0.885692750859673,1.40137677692154,0.763925293287464,1.20927068274388,1.73261959312759,1.70664087453802,3.45525931111355,1.14504208051626,1.60933056081624,0.579202876383742,-0.874520066371068,3.56790143806041,0.663557551135465,0.985787951707178,-0.287357789658804,0.425068934495154,0.0531103373042028,-1.24766883947848,0.0304649998153327,-0.713897428270136,0.131472602083553,-0.307815103201808,0.221589032828765,-0.788971397606978,0.0233925377421202,-0.527180532557623,0.245747275503905,0.236944206548293,0.709693689667644,1.23106756239481,1.37615500587022,0.845371406818599,0.853531678321503,-1.96165550277568,-0.129400285243012,0.98285299105237,0.870271250195746,1.79291331915269,0.473053453531794,0.21234266131575
"USSB-04-R3",5.29861737249633,3.13885649181792,0.367257341628324,3.93932552876504,0.544574788917339,2.16440641408644,2.09884227148647,4.89110928600567,1.34491239785191,1.50116286369363,0.49711859294036,1.54579709609898,2.09081973135839,1.4549945512875,3.32862001004623,0.936268477413642,1.78031048676232,0.579202876383742,-0.874520066371068,3.74822508320465,0.789245570155579,1.12295448840055,-0.0459203891924494,0.505342318688644,-0.0595816951173238,-0.863376697753187,0.00351593328431704,-1.07026253756354,-0.232636050646349,-0.352234567556915,0.0984337709686097,-0.701540663851164,0.335637622785918,-0.695779590213736,0.235460042584635,0.193314109161074,0.709693689667644,1.2287933958057,1.36854884245348,0.642424814366577,0.535489681557756,-1.96165550277568,0.662229350418406,0.895354113762468,0.975788042930891,1.7346405725003,0.559822387919746,0.391717714817313
"USSB-05-R1",3.97951329811625,3.53345610943932,-0.161491664863476,3.77648511946748,0.0014707109882919,2.02050742297873,1.81477765113273,4.97001387694263,0.463207874122116,0.130158733265762,0.0406764534616182,1.09289660943514,1.6956707652099,2.9600132357196,4.4358505306744,2.12773689807786,1.68214924755999,0.579202876383742,-0.874520066371068,3.63269793070709,0.62425459054087,0.826920637343859,-0.576701311157777,0.261590639940093,-0.147057777982639,-0.926276885905555,-0.785825170724435,-1.79094716577451,-0.0560704589315535,-0.40684218374059,-0.0370619859330008,-1.43321019707194,-0.0483351392704165,-0.886283836486484,0.167229530370955,0.860925898018732,0.709693689667644,1.73328875891203,1.81039451468432,1.05352723436698,0.876410260738634,-1.96165550277568,1.52437817497059,1.77461220182493,1.51109460383695,1.75097147454469,0.278113161397722,-0.241439372785614
"USSB-05-R2",4.1218069615338,3.63245079622643,0.352002490904199,3.84204491505983,0.335738195463105,2.02909056558015,1.86871840988218,4.95983037545982,0.555679431959377,0.443532636417158,0.51237339888533,1.22255693431239,2.08298445017315,2.46849060455475,3.92956110464161,1.57055603969368,1.60689930650731,0.579202876383742,-0.874520066371068,3.61635993015633,0.684745474667624,0.938289876850634,-0.180272808725932,0.440524246674571,0.119881056602935,-0.971719860450635,-0.100676572873338,-0.940063363663575,-0.0614685429434854,0.287937945892579,-0.083021183216462,-1.10550020218197,0.160126204435706,-0.756079564305442,-0.934885246522087,0.532455368343004,0.709693689667644,1.30553422684807,1.35744725437278,0.360416967642776,0.860116706251643,-1.96165550277568,1.63911679310997,1.28193012810058,1.60944970513754,1.6577321846507,0.312560309518974,0.106264736333059
"USSB-05-R3",4.11253750366662,3.70460711709842,0.232705823161436,3.88243420388521,0.300053560356534,1.92029929597627,1.90706394138345,4.97190591076523,0.50877025404382,0.320345737106731,0.0406764534616182,1.36698651586155,2.03811979301698,2.47446253760833,3.94373181699769,1.62098943760611,1.58022695482375,0.579202876383742,-0.874520066371068,3.69636169504193,0.736588752819276,1.01111191842242,-0.012010681609513,0.626133482057033,-0.204308304732607,-1.21619692098515,-0.0845719484447514,-1.08796193240997,0.229898843527396,-0.228529974025602,0.34431746448931,-0.443576903641286,0.309623515534686,-0.692462247668084,0.174785411605127,0.476965699581815,0.709693689667644,1.37667037282405,1.51421044326821,0.72288599229705,0.967147657059204,-1.96165550277568,1.58164746796383,1.26641727082585,1.54748470897053,1.55629383066389,0.616202987373041,0.39972100537614
"USSB-08",6.47927769121902,5.73956647067169,2.54143576252916,6.03038046818271,2.46315658684438,3.29401301278005,4.81851168499378,5.82110787183211,2.361266380416,2.71001941673086,2.00261737634725,3.35815319365645,4.51863942778984,3.39379478694144,4.79233135924393,2.69666865588053,4.61230640428558,0.579202876383742,-0.874520066371068,4.24306905026751,2.65339353872674,2.89670385771829,2.01441039528754,2.62183438890388,1.9640052910072,1.32440982385153,1.95538272152495,1.17166306655752,1.94828931596119,1.20998250850595,1.69350734189013,0.88640096873698,1.73412130166823,0.817388613616078,0.474375112383944,2.1222448022572,0.709693689667644,1.99856484756878,2.12875105785701,1.44068748197615,1.46845667010123,0.937295828356627,2.84788448641664,2.20743293038821,2.83627189424313,1.95177132486886,2.0148090591168,2.0184714539168
"USE-08-R2",6.03001748771428,5.23156603352206,2.24108228718424,5.73868804043998,2.19012107387306,2.95852786287937,4.44012919229711,5.37255421687437,1.91870980309465,2.31773983804734,1.55328403570427,2.90189246106275,4.0805156473718,3.28312965410165,4.71529022198462,2.46179295354138,4.32255289779643,0.579202876383742,-0.874520066371068,3.86012363049678,2.37584141825802,2.61563046033458,1.73198391338147,2.34227524538553,1.63878687469636,1.10791921140245,1.67347463360687,0.907265155841334,1.69364132491362,0.957135310041715,1.46546154118296,0.530649089931822,1.46234087871204,0.450320349013738,0.333264206074326,1.76895520143395,0.709693689667644,1.81675356452972,1.88533956405815,1.10792531024321,0.904021604250563,0.147723604743079,2.40106451618316,2.07123835103133,2.38143987668475,1.63647156578475,1.77583801600074,1.67076424618485
"USE-08-R3",5.27766119552921,4.47633424439734,1.2862344254781,4.16379670724766,0.800441292123131,1.89479026488106,3.08877872903356,3.99129891368298,2.64313954690226,1.39967683991068,0.0406764534616182,1.84221520237076,3.86466975222768,1.61133908110831,4.48264334165905,2.11905589257187,1.91474828646127,0.579202876383742,-0.874520066371068,4.73291055234249,1.10676622849753,1.32240389905413,0.309793047448252,0.925734849702193,0.310316784248705,-0.320652584555167,0.00401242135209568,-0.61167234567163,0.0399313896318347,-0.141081476285689,0.206132665880785,-0.558371891771,0.588429899716116,-0.432918077902817,-0.262170795401286,1.26513279983631,0.709693689667644,1.33952762509236,1.56229266817371,1.16951154046109,1.24407031245364,-1.96165550277568,1.64374746929718,1.837288759418,1.50207049450411,1.52050749069685,1.22256697813541,0.574558715834918
"USE-10-R1",6.91748258574651,5.05257922972735,2.5497012826841,6.95585615031809,5.07972813726176,4.4498570400477,4.30548126350589,5.4392529174162,3.01704045212718,3.10030721892121,1.45856252630569,3.38086627403343,4.15988679697754,2.87360117124554,5.01598893939876,2.89286634434345,4.51668458083132,0.579202876383742,-0.874520066371068,4.92745167655776,4.31685277357347,4.19673818756712,3.21427482427638,3.6772975833547,2.60060218141456,1.78535159021238,2.26442790039434,1.28632720115399,2.01504192196257,1.36016316422908,1.80829779755588,0.984545070128991,1.85056009314629,0.982749346186216,0.00210174784086924,1.75490921198533,1.92538987285173,2.17483676440206,2.19738705464596,1.58607461777492,1.74247352968148,1.38506930373752,6.65828045053629,2.44758181097989,6.63392810259146,3.84466836249972,2.10544845793591,2.53752544055707
"USE-10-R2",7.01135036247829,5.14900256822061,2.58418901084349,6.93570553824977,5.1188202471829,3.77055911230333,4.27508440230638,5.36398426158368,3.54676084585599,3.15259437450823,0.842948220124712,3.64601204227349,4.32920280484269,2.97609337001049,5.25516085365054,3.03726781985211,4.193804636001,1.35166791291159,1.25336947397087,5.57511511268882,4.38520232784923,4.2313956940867,3.26076157235578,3.73258389572119,2.66124541428454,1.83903315042121,2.33729478503732,1.35006050349006,2.16130864648527,1.42286512084299,1.97457869060061,1.1673110252373,1.95518578030394,1.11718081371146,0.677444976215266,1.9149981828555,0.709693689667644,2.42310651957748,2.3452973924254,1.55076337271564,1.62004341400185,1.59873594102851,6.22351123370453,2.61208854424184,6.2018637237886,3.86311551095464,2.45206778030356,2.48119936008427
"USE-10-R3",7.00504358203413,5.10108474325193,2.2402062892887,6.95889820157899,5.12096152000475,3.70354456040818,4.42997480363148,5.57959690397982,3.07113447886924,3.16341392069694,1.7713532116253,3.49050202164959,4.01050890698597,2.78764657114769,5.07597813877199,2.99268138972482,3.35490724159529,0.579202876383742,-0.874520066371068,5.00487648515696,4.4911524999959,4.27405623442757,3.30128293735554,3.77624817662992,2.61383897704629,1.81543457100858,2.21868480477778,1.19569720317774,1.98273835185798,1.28189275866292,1.76138286068198,0.887826128899057,1.80185614496,0.907123754546056,-0.522639186227586,1.57097296965217,0.709693689667644,2.16480063513062,2.19288505185493,1.40674588168649,1.63169140120801,1.45716660801497,5.06506152750391,2.53267017848396,5.07595251589403,4.06077587548112,2.1130517286283,2.33750751067048
"USSB-11-R1",6.15345148135468,5.26651326999148,1.89892729872022,5.01467693778857,1.72533637914692,2.66392582570531,3.29557489066376,6.17104975089484,1.88196747183665,2.28771313776136,0.0406764534616182,3.0846328965473,3.4089260627801,2.26716403267055,3.55121114408915,1.55222616310844,2.47752822413657,0.579202876383742,-0.874520066371068,3.87658688427303,2.27056690575195,2.48404240788051,1.50402888904315,2.05864108168768,1.06335596573918,0.391213082149751,1.22991263072883,0.191217157462323,1.09576042575323,0.424192576797554,0.95141770274648,-0.00639762698009558,0.941527693192527,0.043866906321559,0.49011438922401,1.03993242918325,0.709693689667644,1.10770429798555,1.24683390888465,1.46101314375177,1.32321154407324,-1.96165550277568,2.76960689406883,1.20018652338544,2.74874626342933,1.86570129855346,1.95414042338158,1.05970150945465
"USSB-11-R2",6.1060625199047,5.24859592408452,1.67427294713182,5.02903581666305,2.30743935981484,2.68428377519761,3.26770705943063,6.16794564192711,1.87085695342151,2.28748649290871,0.0406764534616182,2.84745304688182,3.41009700329335,2.06616522656451,3.49405678824232,1.57807311010851,2.46382625820761,0.579202876383742,-0.874520066371068,3.77253134036129,1.93695661417987,2.20621287768817,1.13380295048424,1.7456963964911,0.954375242670112,0.299145433984748,0.911901441775034,-0.00238795146012544,0.78925158433667,0.266453579633227,0.871314902764654,-0.147113971845918,0.618546376600502,-0.182049753373837,-0.934885246522087,1.04666073881361,0.709693689667644,1.04044678845724,1.22019294030897,0.935599735173686,1.22082186857394,-1.96165550277568,3.21959464000927,1.10502687901158,3.21486277461001,1.84667455612418,1.5198001725545,1.00903190319494
"USSB-11-R3",6.11982328813695,5.2688977763211,1.65185424698081,5.023997470651,1.62174136703796,2.68371758227817,3.32679083163525,6.15853919062667,1.88002411912576,2.29676885280551,0.0406764534616182,2.85307141934728,3.39715245137336,2.05436794436611,3.51491026423384,1.61018538988462,2.48192084404992,0.579202876383742,-0.874520066371068,3.88866426438532,1.95646973607884,2.2041829267909,1.16912345611368,1.75943772703713,1.00672330717122,0.141518396838778,0.961333861995224,0.138075462157269,0.899619542547519,0.20139333444189,0.780205623183222,-0.152249640631442,0.708101436277943,-0.211152960123645,0.340895063610959,1.0784701090782,0.709693689667644,0.679706705220431,1.30028984401733,0.94642643795626,0.751677932907178,-1.96165550277568,2.63355849155071,1.21200689795262,2.63028721565044,1.99301681521654,1.56725696560359,0.992558787886302
"USSB-12",6.4649668351923,4.3629990969607,0.784184315112026,4.53731203321148,1.77110487354807,2.49226691646671,2.93839695848829,4.15239139568026,2.37106651337414,2.7872339237429,0.0406764534616182,1.85921600758989,2.61209880020215,2.74056963526249,4.22332476186036,1.78952389307408,4.8536945454332,0.579202876383742,-0.874520066371068,4.47413719104098,1.26651331787183,1.8354211177674,0.477261932544347,1.00745474748224,-1.12198183450657,-0.883003824247972,0.099587666626894,-1.79094716577451,0.14553625918646,-0.00584659343974791,-0.182543316039861,-1.73424019273592,0.402122603765663,-0.290662378730947,0.200894567700146,0.982820203715126,1.68878366721577,1.45613819319589,1.64536011534922,0.244847850641033,1.24734179124867,-1.96165550277568,2.75120778655194,1.63482737476692,2.71741570515,2.03364537083892,0.828616904509383,0.156290267966057
"USSB-13",6.69779548337959,4.740131896243,0.927878329078274,4.59177714722872,1.31676727113256,2.53188497200095,3.31049440079134,3.93845246716426,2.65801671286184,3.06480945926249,0.0406764534616182,2.11548157095732,2.71295168850601,2.00956541804749,3.79208311705726,1.76863333353906,5.12404112484641,0.579202876383742,-0.874520066371068,4.624888678727,1.53536488917717,2.03861093169139,0.74242985369466,1.20645081941144,0.627200319408956,-3.03514056125771,0.677906566835779,-0.763217549095836,0.899572754273743,-0.0584724460333675,0.301303590893601,-0.0101001889218854,1.1038574133326,0.0273998284754253,1.19206275963432,0.335674998949394,0.709693689667644,1.4974364491757,1.63875992029098,0.933010119419974,1.41925117161787,-1.96165550277568,2.81886353588764,1.43668338078697,2.83291645794795,1.96998937184985,1.10506083970447,1.02831304139154
"USSB-14",6.73835463784122,4.74960142681014,0.823133928896717,4.30747397993459,1.84579432314804,2.24452505887977,5.14091080014987,4.01256552118534,3.35084248387637,2.7946057324942,0.0406764534616182,1.62826333759074,4.20256098171858,1.78635610160957,3.65718253520532,2.04963661069806,5.25862621701429,0.579202876383742,0.566198030101963,5.4118996651471,1.3906612888714,1.74769466795424,0.562894623771893,1.07299680225447,0.507194547339847,-0.217502378921453,0.201335180332592,-0.657622234461969,0.492558911612564,-0.123713210829826,0.386989751662815,-0.411993925044551,0.672153573728023,-0.282361078529831,0.814594435467093,1.7433585107399,0.709693689667644,1.19171390061937,1.53746772928669,-0.208436831703434,-0.886502503402452,-1.96165550277568,2.39865923250114,1.01276783731254,2.3427765224724,1.33625084990015,0.943454680787773,0.5929257062069
"USSB-15-R1",3.67848330245227,3.74359674645913,0.344987469722584,3.4754551238035,2.18537247656654,2.51069942542553,2.40048136571307,3.0097088930228,1.39379803562437,0.904672510452213,3.8384705576477,1.47896407471596,2.14468078934078,2.23539644987308,3.73553456116437,1.39642311276141,5.43887186714616,0.579202876383742,-0.874520066371068,4.3366031229144,0.828763578644554,1.13007052666611,-0.104244386792372,0.559427548019816,0.146805456439902,-1.20018040166435,-0.247415654997624,-1.79094716577451,-0.470767801364416,0.0107869385312154,-0.343262727705586,-1.73424019273592,0.293602369822544,-0.637443104808148,0.726617910509791,0.524330791890847,0.709693689667644,0.902559684022245,0.909269639798857,3.35161785942279,3.99797563595063,-1.96165550277568,2.30179523236293,1.15613458881074,2.28566040288255,1.91733798054924,0.367546893811202,-2.51788158002011
"USSB-15-R2",4.29583218550685,3.72752808667617,0.464908316836411,4.23104200438874,2.15743081867115,2.47360161204718,2.28292320810853,3.2161576668843,1.58369915118856,0.530944364790504,0.0406764534616182,1.48542579191918,2.23966431405941,1.03084010638053,2.57412546182297,-0.272107825078051,5.44540011959882,0.579202876383742,-0.874520066371068,4.31937253585223,0.896800116195445,1.15273845475659,0.0557081330803437,0.444770385822581,-0.477408705890916,-3.03514056125771,-0.483953257713944,-1.79094716577451,-0.222145084588362,-0.418319317750339,-0.371659332494086,-1.16541104460587,-0.773822589255388,-1.05627335083527,0.386836151665704,0.291483329958324,0.709693689667644,0.720950213673687,0.675864181619668,1.39543718936149,1.34459211676078,-1.96165550277568,2.33946631142156,0.893858481584037,2.3382876811834,1.79452769576026,0.508426207052347,-0.0996656831007648
"USSB-15-R3",4.29866792986536,3.75100968548557,-0.0340074850237208,4.24898853225444,2.13700652017602,2.63015291790408,2.38166556382858,3.65131451740163,1.4250326271835,0.603092607336633,0.57115823042249,1.46064024216248,2.23383215901755,1.85794265766756,3.36517432457013,1.12211397123948,5.45970557060081,0.579202876383742,-0.874520066371068,4.27574103387999,0.862817430010261,1.15051720511031,0.0298536306267149,0.666811973128697,-0.464334916858918,-0.747206565738541,-0.487291678867593,-1.79094716577451,-0.0252832763285544,-0.463925344677007,-0.845034231826655,-1.73424019273592,-0.441063916734576,-1.71746786736372,0.344757755426682,0.235639629149798,0.709693689667644,0.801026425439537,0.462530272811681,1.14319616672272,1.25567919694291,-1.96165550277568,2.1000329809205,1.15021017472133,2.11629973543906,1.52714944929113,0.561425567775285,-2.21685158435613
"USSB-20-R1",4.95260531464021,4.35724066947168,0.454158271293846,3.96443478700249,0.460650702554687,2.05259597211351,3.46585156983654,3.20974536392899,1.06792800711953,1.06345285506932,0.708272913962722,1.39689486811933,2.03666254516783,0.804575555634143,2.30366437123628,0.286146475658262,1.74298385928811,0.579202876383742,-0.874520066371068,3.76431648422828,2.24050624824687,2.51470350609969,0.273724073576236,0.768934275202341,-0.278269199578083,-0.721705438837951,0.204203300799383,-1.79094716577451,0.168203011544477,-0.490810431637266,-0.168977293154279,-1.42271228839074,0.0557920986423874,-1.32460318297888,0.43559857544424,0.193282522181144,0.709693689667644,0.912023046315668,0.705211975140166,0.974680726069319,0.315702457469568,-1.96165550277568,1.65478267368655,0.540200510871258,1.64914862501727,1.33412569019414,0.682934831449944,0.238156970809702
"USSB-20-R2",5.02021378399912,4.38072323284698,0.476452503981709,3.94773078153595,0.242814143638816,1.94600379810419,3.54943595304638,3.29082328440473,1.19830364294147,1.08875350605462,1.1822214932935,1.26611046019318,2.05822234767583,0.850459871959121,2.27069902097773,-0.147909997402377,1.8669666281514,0.579202876383742,-0.874520066371068,3.72253006401474,2.42389737354747,2.70039289055984,0.276182684535911,0.844615833185311,0.108667360124776,-0.434791118341737,-0.0339409932335163,-1.15472989197608,0.136783749969783,-0.432478712250864,0.0523401258457264,-0.972873141575858,-0.472792593591407,-1.08596587461863,0.249169900574616,-0.169270166114792,0.709693689667644,1.09581107036583,1.06412294611274,0.815706540165208,0.960880568168824,-1.96165550277568,1.33196904834144,0.618300431779791,1.40747164877141,1.08158705364897,0.668105042993715,0.0617551689351237
"USSB-20-R3",5.01418089278257,4.42730940397078,0.588752663913428,3.86464686592603,0.502767661534803,1.9015416142313,3.599445346673,3.34499567715722,1.40903014384467,1.20461474246939,1.0038765886414,1.35569292804262,2.11221645724915,1.39616662196169,2.6839217004446,0.88044895644024,1.70751508393966,0.579202876383742,-0.874520066371068,3.88999182621042,1.89638863120737,2.15486271494834,0.2537233282438,0.910558358869379,-0.108462623880877,-0.76603196342425,0.0194788357204036,-0.656435757210426,0.46103063030766,-0.157115681975962,0.360318563676708,-0.42231633000891,0.188133831970116,-0.723562900311937,-0.934885246522087,0.0216465621143599,1.01072368533163,1.22763001032986,1.26682650575138,1.16686977955965,0.597362443864145,-1.96165550277568,1.48502223149226,0.640980550749249,1.46209100540738,1.12495789200715,0.81380843979976,0.32871446175237
"USE-21-R1",5.39636167770063,4.58000404904342,1.75341262790568,5.28603422340006,4.16905435165746,2.63718816531126,2.84175769107007,4.34812842608013,1.36042426371956,1.70313150553439,1.19834842578017,2.36555292228948,3.33323224571823,2.26462957904417,3.53583728174534,1.25864358121343,5.51649639751021,0.579202876383742,-0.874520066371068,4.23091899669662,1.86198201073399,2.1705915636352,1.26165321260796,1.83658480417096,1.15659434315873,0.543234097035278,1.22987463355752,0.27778617929042,1.26956182154832,0.382371382025316,1.0640380577918,0.141254437545357,0.855072728340839,0.247824861709317,0.7767943460951,1.06300697302159,0.709693689667644,1.03261419032075,1.51137562827842,-2.24969918391378,0.875444449990312,-1.96165550277568,2.55576973658629,0.960189219903814,2.55192785550068,1.42905797357046,1.26924417733505,1.11712274895422
"USE-21-R2",5.32149602046684,4.56114749409436,1.68697364858233,5.2146049655008,4.17445882837889,2.56775116149331,2.71037755461327,4.20404614068784,1.26999377126217,1.64328049656046,0.0406764534616182,2.3470316593967,3.21091738446079,2.95387822914233,4.41434094571767,2.16348184773563,5.52370702588047,0.579202876383742,-0.874520066371068,4.2775243765985,1.80033705009827,2.10369865585234,1.15025031253164,1.74223218846968,1.25473448863664,0.659408074294813,1.12216917782929,0.299803820924708,1.08089124865217,0.379247042526706,0.850088649185623,-0.29222128935273,0.743668926857301,0.104321047351938,0.41888821877916,1.24561037691213,0.709693689667644,1.60905328196573,1.63167987753693,1.04576254035933,0.478156269731503,-1.96165550277568,2.50801018020951,1.76095582863969,2.52117888326284,1.41614154316577,1.21604004015943,1.10809375994528
"USE-21-R3",5.45412879587811,4.5817405879392,1.79786774717435,5.34781431518284,4.16257726193898,2.66524102633551,2.75212248947171,4.36431265690404,1.56691506263696,1.79666805948329,1.02383769003508,2.47397712638468,3.30421126058067,2.2511603562261,3.54630368286416,1.12981322867698,5.48827730630062,0.579202876383742,-0.874520066371068,4.27980373112703,1.94858246880184,2.23991877234136,1.31854757851934,1.90120871932197,1.27610490875528,0.678085974083828,1.24023567102321,0.341728112394733,1.24643521688874,0.558901214385937,0.952534224022573,0.168023825571933,0.866576423017791,0.100813124933938,0.381641914804222,0.97597293945518,0.709693689667644,0.494064487478833,1.23722219114552,0.707388121331726,0.464461678758217,-1.96165550277568,3.1185887207219,1.00829032624492,3.10836709319301,1.96455231656226,1.34475369166468,1.17917410959341
"USSB-23-R1",6.52041439691957,4.93994782561307,3.15737108540962,6.11333057776604,2.6433034111039,3.42605409095781,4.68888884602395,6.45510874777928,2.86748427068389,2.80369551790563,1.8619113994963,3.60659951132111,5.40271063208775,3.43030461977542,3.63368103630623,2.30107808884767,2.46245521517584,1.69140211850634,1.33871475452512,4.92330163778805,3.19408144767106,3.45005167553179,2.5270645403644,3.13509565025087,2.45280777577662,1.69010877015811,2.45461127033722,1.62409937488256,2.46659903853308,1.78099366860046,2.28600192473689,1.43643312648852,2.26171283732801,1.40542963692897,0.911538771528635,2.93956702155842,0.709693689667644,0.960323237471256,1.13745915672642,0.866977147733952,1.12592675092599,1.47426509220458,3.09528281593893,1.30671452983419,3.03503067893537,1.92639976823396,2.51220953903295,2.93619811390327
"USSB-23-R2",6.52175959155783,4.93179845412711,3.1722306305019,6.10295527787194,2.60897666712126,3.38338542700624,4.69986324748927,6.39532396788943,2.81853218759528,2.76375613458496,1.78859081263653,3.54306475374419,5.36314083992772,3.39473455536107,3.60277858631642,2.30496137069063,2.37113158877211,0.885691504882964,1.22575760102564,4.88491476757136,3.1711638487906,3.4114383254117,2.51249990696611,3.10681748641684,2.43499507440883,1.70102758047556,2.44037537363394,1.59160822588142,2.4441694804597,1.75221065872461,2.25373134641521,1.42079334698983,2.18924857680435,1.36755556481762,0.795469704164351,2.90328755858338,0.709693689667644,1.2419653784544,1.41268255109675,0.79919095524982,0.868936961325487,1.48588078041534,3.0594947815699,1.27744911898851,3.0126376587908,1.78749885504398,2.49087657279981,2.94084138823088
"USSB-23-R3",6.55089621984388,4.94512769603653,3.20366329923088,6.12398234194118,2.64170337190605,3.40624918572405,4.69156324770241,6.42354044946975,2.85878397951406,2.79788267381965,1.95267340451328,3.59282469322846,5.3891537094786,3.42534188700524,3.61076668512146,2.24592222917905,2.32918923235103,1.36526254451785,1.30708707507895,4.8881928413602,3.21032283795132,3.46805219726113,2.54783158613836,3.14863101982005,2.46735262616351,1.7519870118595,2.48192456680423,1.65430470137204,2.5132290573962,1.81409091058055,2.30440528980666,1.42295891896854,2.24806649442984,1.3888104842014,0.755339562071461,2.92004774613326,0.709693689667644,0.950166892080343,0.959235557875384,0.79405923419875,1.14320971696779,1.55143229844798,3.20534541894435,1.30882155268652,3.16509230939541,2.00448745923872,2.53738470771483,2.93948708047148
"USSB-24-R1",6.24502476905262,3.92658784164719,2.42336118961988,4.37944237097875,1.7826009900911,2.73683741890449,5.21301718900687,3.50933343276122,1.32977017650666,0.331450058712314,0.736379463121483,3.11153288065317,3.13762437640603,2.65146134799324,3.10984459938065,0.808572848088391,5.38189152229627,0.579202876383742,-0.874520066371068,4.183156051933,3.60420071773452,3.85397245147308,2.16606140403753,2.74634180585477,1.97289343904223,1.33512307159775,1.90211875799518,0.998144762232026,1.86574169354782,1.09194773695982,1.57173638912929,0.665994599211166,1.60763733062481,0.720494909435663,0.613886422694199,1.07227767199795,0.709693689667644,0.413104568245965,1.06497522987103,0.878337889665895,1.21341501828571,-1.96165550277568,1.9473549664004,1.01090861417993,1.96474603235418,2.35979353608656,2.18512356295306,0.673361325123621
"USSB-24-R2",6.08050233607414,3.8828805821892,2.28348861959397,4.31057290014039,1.7942716235113,2.81500014404096,5.24209432553917,3.53525557415508,1.01727340273028,0.668865691812437,0.0406764534616182,2.97553123631023,2.8992205245305,2.59762682082074,3.20158059872165,0.190063371063541,5.39664881159106,0.579202876383742,-0.874520066371068,4.13007548931831,3.2794290715341,3.53580996603118,2.04100943233704,2.61957639141865,1.82584555675372,1.14549642627875,1.83580071135556,0.908697178207657,1.71770237608124,0.955155873914249,1.47007980543682,0.760422113045461,1.42432169253302,0.574793026464782,0.308867976771896,0.827809730920001,0.709693689667644,0.767775462633491,0.997182271893482,0.962092800175743,0.801672639389791,-1.96165550277568,2.00275362871343,1.09352640827023,2.02468194141006,1.19283438712464,2.09796157404031,0.732215826411621
"USSB-24-R3",4.44074763713619,3.81971445573615,0.776009300944148,4.26010146439457,1.87259798625854,2.97225586017565,5.27627348975776,3.36741765011007,0.730518645436336,0.411095983496059,0.0406764534616182,1.61894898383467,2.18496856016622,2.23598453691849,3.37629473607592,0.957206558433604,5.40362633436412,1.43881173253315,-0.874520066371068,4.21424132326025,3.31852897680412,3.55229538133438,0.565072316804072,0.874100055553364,0.469618481081158,0.00691937486584386,0.977946962275234,0.121728006215931,1.18338857043117,0.603371187169552,1.07947367054652,0.162387585986652,0.696008720529447,0.15973565583103,0.469424733852386,0.518895271897753,0.709693689667644,0.427387572989959,0.886277368035506,1.17341725821853,1.27686650062086,-1.96165550277568,1.93705880384865,1.23728790681139,1.97119719431318,1.25672007274885,0.997827313943523,0.661880684756193
"USSB-28-R1",5.8043222947409,4.42894139913606,2.13207647059491,4.93056113988252,1.35845182730936,2.69681999715943,2.74257074201132,4.7551069307823,1.35134382502275,1.79858533223555,0.0406764534616182,2.06563526878965,4.0832174548228,2.39830244269196,4.38607370732303,2.06987542797883,2.7679073620747,0.579202876383742,-0.874520066371068,3.73036292619035,2.04667525649295,2.38727894080889,1.39738714572126,2.00647888431278,1.29520385172435,0.606758343432061,1.28155177170491,0.562435178120403,1.37259809331736,0.694939847143464,1.20274012572838,0.581795018720792,1.28428256932231,0.58807845380584,0.831941090619155,1.65375896337664,0.709693689667644,1.68409990414425,1.64063095039902,1.0512131401429,1.10060644966147,-1.96165550277568,2.07780711302764,1.73670362853252,2.02431063365691,1.53852019658069,1.43484511378988,1.42625574475692
"USSB-28-R2",6.31788221632536,4.45167135730117,2.58634246164195,4.93595888296335,1.34222125184569,2.71884958250492,2.75692182880857,4.75996449824697,1.66264375226316,1.81687341895079,0.0406764534616182,3.14962356334928,4.10810318598724,2.83616858316381,4.39996889197559,2.12279127403928,2.75689918533108,0.579202876383742,-0.874520066371068,3.93964129113224,2.88449832608873,3.16792053995246,2.21981124902122,2.79003539151594,2.10837409362455,1.33761556475025,2.01539198431152,1.12153621332513,1.92255941319482,1.20982899017872,1.75166963573291,0.814987052680034,1.76553319167791,0.944029262905123,0.0413098389526136,1.69385598932484,0.709693689667644,1.65065658897739,1.6251188308021,1.06982970733955,1.1749214282143,-1.96165550277568,1.84842122608216,1.73448457613023,1.85922603180256,1.39521728188962,2.33220126331233,1.47062554961373
"USSB-28-R3",5.790690786519,4.42451687834463,2.15503106145164,4.91942705380927,1.37698148805316,2.76020515407123,2.8304164392197,4.74138788997077,1.39989863164229,1.77256338785112,0.847934875017137,2.09743666584996,4.08393956962567,2.5173590399275,4.37589361108041,2.10502673299883,2.75764043597094,0.579202876383742,-0.874520066371068,3.78402781977166,2.06150078375042,2.38270408770802,1.38453418148758,1.98715536343435,1.32541279962155,0.615875656342724,1.41606870955883,0.679857338184771,1.60212046867825,0.824661090781047,1.37517832013677,0.640004369829872,1.42850316817474,0.609697422497247,0.541547811416731,1.61593688932198,0.709693689667644,1.68783204521206,1.68004723090539,1.23258384539616,1.12797069411502,-1.96165550277568,1.94139448043723,1.71658584177452,1.77868179935531,1.41873832510502,1.47740505710308,1.38537421027941
"USSB-30-R1",4.36315235751228,4.35929979419975,0.599077617477677,4.07875846117761,-1.19323831454433,2.12323735359417,2.05885092679254,2.90708641405577,0.615941443263761,0.360280949311845,1.15443221977933,1.45602715163235,2.0357745031937,1.56511920363128,2.75260230173187,0.512745007657302,1.92113575483362,0.579202876383742,-0.874520066371068,4.00040113572983,1.17918500214287,1.39384850489648,0.0124431043359831,0.657624219735876,-0.184193178246083,-1.14294468049338,-0.744204933406542,-0.494548963025247,0.588396131869688,0.0349468794540152,0.402146819914604,-0.332969922039755,0.741589749729404,-0.328013445865544,0.62567256840428,-0.296477816623478,0.709693689667644,1.12836551091376,1.51219844727396,0.666933717465124,0.908559210576026,-1.96165550277568,-0.430430280906993,0.927962931449047,0.212758039846576,1.49057971528986,0.808002943759806,0.231417496240019
"USSB-30-R2",4.39724958048936,4.36071517771409,0.526000746290242,4.08342726965417,0.532506893669964,2.26453052511124,2.10151833888262,3.38617256311735,1.05034745867427,-0.00754764306330937,0.0406764534616182,1.29220852085243,2.17422756353564,1.3419096820805,2.76381288456837,-0.110944181012457,1.88219800217869,0.579202876383742,-0.874520066371068,4.11658182157076,0.890763539458501,1.15484323458691,-0.215444173522455,0.602689788140461,-0.820951838842586,-2.73411056559373,0.0710254640253357,-1.10249747671688,0.371506642247032,0.0228788592525043,0.232358315418948,-0.548051781471188,0.335250093150222,-0.563667124233883,0.353111491763307,0.477232372641592,0.709693689667644,1.33772122263662,1.26395776332818,1.07734820070715,1.1292301623749,-1.96165550277568,-0.430430280906993,0.95041805299904,0.212758039846576,1.15728193364778,0.667581429875891,-0.125265863544863
"USSB-30-R3",4.32158237193624,4.34155913302842,-0.11034061638051,4.10899211935936,-0.892208318880352,2.34653851756684,1.98014531821068,3.05710113760432,0.736680911835702,0.535618743966473,0.857291680372785,1.4052959278967,2.02233946965965,1.17620017717853,2.67130152098735,0.658173734536469,2.07938917675426,0.579202876383742,-0.874520066371068,4.07669482633592,0.944947907584583,1.17361793710816,-0.092293490836525,0.32237453251921,-0.372708985574207,-1.12758487030619,-0.155779996109287,-1.79094716577451,-0.0117950625877117,-0.0959327422188882,-0.0631677407479711,-1.73424019273592,0.341079709318621,-0.653811557773428,0.770244336179718,-0.942702732879969,0.709693689667644,1.27393991377527,1.34769935193856,1.00398094717057,1.14847160644445,-1.96165550277568,-0.430430280906993,0.761739176385757,0.212758039846576,1.35280533173703,0.729821129669158,0.0555491488555235
"USE-04-R1",5.11578710025437,4.73320513234843,1.35338655753386,5.25426777213498,3.12572192446373,2.61423304066415,3.30622087599313,3.65948419192528,1.31254660838563,1.37068562397889,1.5365622005324,2.06219580906235,3.78485623048886,2.31961250864555,3.45046787719899,0.995570486215663,1.91609948069762,0.579202876383742,0.262973667284465,3.51096867749646,2.31951931879,2.87945412402366,1.60474131685202,2.18233265312703,1.39535527080729,0.847408851089176,1.40019243820193,0.54539150508652,1.35422940262599,0.589164485309537,1.11124434184197,0.344062445376532,0.937883521648346,0.191046028867036,-0.515975796057092,-1.33364529188709,0.709693689667644,0.37499736739028,0.582600194560385,1.43188848375777,1.13131271263798,-1.96165550277568,3.75626677449709,0.82546765144763,3.73806426398996,1.0317315265823,1.45183649809755,1.17546410275393
"USE-04-R2",5.22137566105468,4.74676254092533,1.3941906405506,5.31697947540878,3.11724875152768,2.62537999698604,3.3519016336235,3.87270351739822,1.44460786918857,1.48255437145257,1.82080414342142,2.29012608784295,3.92059934834654,2.36206168511275,3.43162683446165,0.693814743868719,1.93497442629555,0.579202876383742,-0.874520066371068,3.62241384228745,2.33024065533141,2.89528401671363,1.60932160898926,2.2518073751158,1.47001645647488,0.855070816671849,1.43829653218495,0.597091499549777,1.43517815249158,0.694298397840819,1.16500731049855,0.241775849201851,1.00095549669476,0.0757595495598939,0.038225029604308,-1.33364529188709,0.709693689667644,0.331356287051558,0.734020553351322,1.0275892582124,0.885511570980159,-1.96165550277568,3.75138436066051,0.79290712578563,3.72871436210682,0.896490182459645,1.52883337342368,1.26157193523437
"USE-04-R3",5.31957780897515,4.73205211911237,1.46017578814226,5.3618470289903,3.03595176477605,2.624553936683,3.33757116323924,3.82410162432243,1.38702884851408,1.62335425941457,0.341706449125599,2.29270408405653,3.69741558923294,2.34154606019656,3.4188665707202,0.240008546049828,2.00587290323798,0.579202876383742,0.44370278333724,3.50584168855973,2.35463265236245,2.85991259975093,1.64308453952859,2.23362924030078,1.56893901325519,0.884215613025225,1.34260601053569,0.522982996100632,1.36291010139024,0.743465620971454,1.16560893873233,0.317440752151412,1.08114526894589,0.0760956190227131,-0.934885246522087,-1.33364529188709,0.709693689667644,0.402016105289983,1.17630712682769,1.05536278716172,1.27560689467074,-1.96165550277568,3.67589723205142,0.816429592768218,3.65064865033815,1.08093171722743,1.58273622648964,1.13570778295442
"USE-16-R1",5.92047345100449,4.69258139000365,2.3500789291273,5.98930626952013,2.19541344750615,3.08691480197479,2.89393090997394,4.50184848023834,3.21306683586982,2.29319064107982,1.48028432855409,2.98647608576688,3.67360645119954,2.46654214711824,3.18590057861885,1.32354903015006,3.12054852139179,0.579202876383742,1.62669640526316,5.412378303019,2.50999534827543,2.80105179651146,1.91047524138969,2.51257607736571,1.85139200042943,1.23592390000327,1.82751494733376,1.0150661623086,1.82156354922562,1.1240648090434,1.48472958791837,0.727145355388305,1.53999053500911,0.618892481654417,-0.934885246522087,-0.599357716715785,0.709693689667644,0.664251568693666,1.01428942118021,1.36573296182515,1.37165778681939,0.214145782232004,4.05335864841502,0.7193453596906,4.03860300833993,1.81407507831436,2.04641260787887,1.60899274321732
"USE-16-R2",5.91360804355701,4.70391263521422,2.34533945711557,6.00771612931036,2.24653988538742,3.09549095265924,2.90755036531794,4.50029640994759,3.19584563116788,2.29381259174565,1.18398220814317,2.96367888015761,3.54815628034358,2.49642194073281,3.17447358859567,1.03124709986353,3.14218357980651,0.579202876383742,1.36874702681635,5.39447944568804,2.56219074403922,2.84198791471808,1.94001495356637,2.5876791791441,1.89346924608707,1.29332431640814,1.79200321514563,0.977334130893176,1.81194064887746,1.02592348759173,1.57808508579388,0.726353531369985,1.40861442010466,0.598363316179222,-0.934885246522087,-1.33364529188709,0.709693689667644,0.34511906029377,1.23160185883857,1.49980399581069,1.32792042104337,0.0888254895475161,4.0359178747911,0.756431990096188,4.01617659806945,1.76103600234753,2.03609446640503,1.59802546489009
"USE-16-R3",5.91454740565587,4.69746867950258,2.34681629439509,5.99317406695055,2.22086064165218,3.07103085257151,2.85842709738036,4.49725002877841,3.20460303722596,2.31439621824452,1.73389176752125,2.96944750238839,3.60621482141674,2.57306801485473,3.55298706573028,1.32814692266228,3.14265128282299,1.46234297847792,1.77276629225823,5.37460010436976,2.52836953450186,2.81343662155268,1.93826166574023,2.5320913720969,1.85730811282498,1.28156160215928,1.78535594969647,0.949843651479553,1.78699153736398,1.05552945096694,1.53858738190974,0.694775471319637,1.41154178893585,0.619514200552312,0.464358710593213,-0.533458513016799,0.709693689667644,0.7845290036234,1.15646212581734,1.47684677015152,1.66653959009189,0.324926032280445,4.08099003828858,0.989495819076919,4.07080966288574,1.73585482392971,2.07327009341516,1.63208520376975
"USE-17-R1",5.66910968595,4.79113479079347,1.96671458213705,5.5796687715586,2.00666608394297,2.93769092052528,2.99859973344888,3.57094270648641,1.78576759441479,2.01845803603293,0.785203999963198,2.7452241471276,3.7335276629153,2.25654257270988,2.84970439787477,0.585199622603756,2.0771122235613,0.579202876383742,-0.874520066371068,3.8310401371947,2.49154192375899,2.79232534383382,1.83246553738341,2.42347264378539,1.75049208454422,1.07646046862016,1.56060574432067,0.771724458547437,1.61960377033423,0.846451968090467,1.29216401964998,0.533653422233136,1.30282091722152,0.383257401007719,-0.934885246522087,0.572466893902776,0.709693689667644,-0.0252091749844759,0.90295368419608,1.79630172308003,1.44585458036092,-1.96165550277568,2.930116208776,0.734739862455841,2.89405128094744,0.997823195116483,1.98596223190087,1.38487379430036
"USE-17-R2",5.72972705653959,4.7984503947205,2.00269580291822,5.63238652243553,2.06610013876278,2.69611078731152,3.01031706138093,3.5560726081073,1.88784949471918,2.07207598392142,1.29308199885376,2.84760923300718,3.86803044868939,2.38320240728377,2.90893160518888,0.872053471751867,2.09615697239398,0.579202876383742,-0.874520066371068,4.09157717056894,2.63037008778021,2.90755633107119,1.94811742209709,2.54201788033886,1.73719896853356,1.1003670649634,1.75531843669608,0.908309643653812,1.66147495501398,0.951561212122047,1.49607788407037,0.626836923754226,1.31519077734419,0.513729217865852,-0.353909185869037,-1.33364529188709,0.709693689667644,0.475084518668182,0.925890158997833,1.2688674409775,1.32305215315755,0.302677598615424,2.98799463986543,0.865773757600607,2.96691430696074,0.747136574191092,1.94967486489513,1.41902445176542
"USE-17-R3",5.79479194671003,4.6354324631366,2.35022371557629,5.61697640013841,1.81573792481821,2.48202924177619,2.65304264689362,3.30174305949733,1.6376408447736,1.92807101139998,1.88769495703735,2.74689487667472,3.46499547375253,2.6272896690757,3.05105200852219,0.598363683291861,1.88721614055085,0.579202876383742,-0.874520066371068,3.74166016735383,2.40972057383983,2.69810522333085,1.77599626531661,2.39493909213696,1.74832530356958,1.21829202418587,1.80139834181561,0.991268967682762,1.87914991769065,1.18386626588018,1.62051614654587,0.783375898768144,1.54953392413897,0.706459197471794,0.165011940525982,-1.33364529188709,0.709693689667644,0.0847277657864983,1.12453486707332,1.48567919412822,1.17292601577672,-1.96165550277568,2.18737943699308,0.877686736201751,2.16154072187632,-1.14099268409711,2.05326198950827,1.20950565822826
"USE-18-R1",5.34209590693209,4.50533447058642,1.62740725463446,5.18039230758947,2.5550736712906,3.17124009785858,3.77903577099783,4.30840405407194,1.34716905619749,1.50288330976859,1.6421878655806,1.67372657043967,4.72352914650495,2.74033316826822,3.09836738225486,3.18449019832372,3.02240719347066,0.579202876383742,-0.874520066371068,3.5091756152933,2.73223473486502,3.04870105478074,2.05279650439195,2.73576283202303,2.0026127573733,1.57096267327123,2.02377824738002,1.11042044491462,1.98926918977248,1.22420918528783,1.63502918389899,0.729580361993236,1.43155051739389,0.551535355649995,-0.0817705644361912,-1.33364529188709,0.709693689667644,0.141376138060245,0.962244900873501,-2.24969918391378,1.3833475945947,0.341664453533221,4.48219800485651,1.19924785461943,4.43659884685651,-1.14099268409711,0.772172376623787,2.64440519471428
"USE-18-R2",4.71422930796421,3.68171391597787,0.826875570287457,4.66793426220451,1.02192745177114,2.3808920328834,3.66423614874957,4.09406770418781,3.09157640929758,0.804532409986593,1.05739729775249,1.40808357334177,3.84240393998688,1.01859003177465,2.37516641478888,3.82817045049868,4.51325311240779,0.579202876383742,1.60197390407583,5.29951763888968,0.995791959579301,1.42744974315698,0.559320109134005,0.880405525052456,0.24395346629316,0.151053319044376,0.369016351815649,-0.275678820608555,0.47710659608395,-0.00604268863373082,0.310444699609098,0.143207927287101,0.310956198880022,-0.192962773797196,-0.934885246522087,-1.33364529188709,0.709693689667644,0.425239956289775,0.750550292822551,3.20681194123928,3.21859298548503,-1.96165550277568,6.23064349367604,0.934624392201663,6.21477961667096,0.725832280550219,-0.662102541794581,0.6810263298918
"USE-18-R3",5.16330373933297,4.39146384753898,1.29925369508946,5.40536990995478,1.88924657270354,3.02645131573663,3.404252378334,4.77061170516029,1.60366127667707,1.3890761296453,2.32005385991915,2.08757441955454,4.23037070026067,2.19847075710955,2.70880670732985,3.13506082449239,3.02730983829143,0.579202876383742,-0.874520066371068,3.79766616534466,1.76768848898389,2.15598957007278,0.934487319923564,1.65552850481575,0.881260477679055,0.367497355036908,0.874487905633101,-0.0573963413247713,0.723878074195984,0.107790155345872,0.407065295337901,-0.0212935493994539,0.842148280578122,-0.287497169191139,-0.934885246522087,-1.33364529188709,0.709693689667644,0.817568971547259,0.921739576210242,1.48791681230936,1.22165324196114,-1.96165550277568,3.61491003193385,1.07804604647139,3.60094059380765,-0.276348788275823,1.33305758838558,2.102740777875
"USE-19-R1",4.78665830427399,5.528348950763,0.920750307603897,4.42642632580298,1.43752752648027,3.13157679751127,3.6360633833474,4.70277278275361,3.23332303647186,0.42136781807665,2.36451027769865,1.76604980468746,5.00215267703645,1.57883868217202,2.20885715859784,3.75140016236761,1.83095144103516,0.579202876383742,1.71001630368891,5.43577017627137,1.15783653481556,1.21802061951182,0.191570649664815,1.0367788616849,0.282724587274465,-0.640735706506628,0.382120326595081,-0.227445713664982,0.676249272775786,-0.0449165756066213,0.405645676128373,-0.0245984517197525,0.537439018487678,-0.684817779064434,0.292124445339644,-0.154976691615741,0.709693689667644,0.438142798646978,0.566012269504378,1.39864967570447,1.2810582806096,-1.96165550277568,3.4097519549686,1.29210461859097,3.38999148090746,-1.14099268409711,0.217761337453966,1.94809926841588
"USE-19-R2",5.40424215653826,5.63585489652629,1.29122996360892,4.99249645072063,1.74157574946588,3.28941784579068,3.90421708930397,4.38416831891213,2.36784450133907,1.57727563403319,3.73961734360187,2.01555172991094,5.19510433767703,1.82671197087212,3.19924881926243,4.66268180756612,2.99336125606283,0.579202876383742,0.0996246426563711,4.59018182618224,1.84528540918755,2.08861751784246,1.13394904153099,1.77087594218683,1.09701758161557,0.379065493180462,0.923147166527172,0.148029167155952,0.875240064912945,0.318557886586313,0.782727334355045,-0.232526611974061,0.421989876441931,-0.32849049153863,-0.934885246522087,0.0847355049213949,0.709693689667644,0.601771348919178,1.05776012481135,1.40670186023239,1.7309768875457,-1.96165550277568,4.14992300447654,1.70698795052234,4.13355928832121,0.824274140123982,1.40445738372902,2.09940408091314
"USE-19-R3",5.20389277865448,5.64593616804687,1.32236270301315,5.06347725244943,1.79562604877019,3.21154394966063,3.85910264408491,4.45154699212402,2.38813094488061,1.43517251667166,2.80143631871763,2.08647417225445,5.3183313275875,2.01933456057927,4.30417909990932,3.66101894334755,3.02844301275294,0.579202876383742,-0.874520066371068,4.60973333409702,1.75001750307911,1.9467076442453,1.03827679956013,1.69757000314316,0.877971629169991,0.378243978304296,0.970431973968995,0.00571690124143588,0.883452274915031,0.468783815680688,0.78278975378059,-0.0492552934486645,0.558885768540871,-0.179473915463163,0.712708966383862,0.562217652400102,0.709693689667644,0.676431247767522,0.751187593551239,0.903940109875877,-0.886502503402452,-1.96165550277568,4.43189514067079,1.29186589678923,4.41330638804784,1.00672934811302,1.35429344712014,2.11606456736766
"USE-20-R1",5.01463815126773,4.19628128334348,0.977135839881516,5.10377703430843,1.546921370926,2.14193339890442,4.32836523588513,4.19723574913855,1.9914817022415,1.13285025179033,1.78534835979965,1.48590478533416,3.03197474936382,1.38965248298741,3.0830139444131,2.1238810832236,4.26849254272841,0.579202876383742,-0.874520066371068,4.19692292361398,1.29214795484368,1.68199964852503,0.662402257881845,1.13033510241893,0.623830947729916,-0.459887357280001,0.407950786366266,-0.206363378665987,0.567415796959982,-0.110612552609073,0.603882226075509,-0.205534536621492,0.544422469429581,-0.428630293742439,-0.934885246522087,-1.33364529188709,0.709693689667644,0.396856648765148,0.887447738636212,0.93956345852663,-0.886502503402452,-1.96165550277568,4.69948331102842,1.17884065677406,4.68256381664037,0.826433216805494,1.0538860204787,1.05856910965639
"USE-20-R2",5.08439708277551,4.20971674701575,1.13531106151476,4.67916159473114,1.24154754881931,2.30941531869248,4.51287425749458,4.17663634913858,1.06451080481205,1.08213200946476,1.56088332702001,2.32008924998055,4.04017237466058,1.80208860044828,2.32693906156948,2.82630541938591,2.35618946291903,0.579202876383742,-0.874520066371068,3.20351235406258,1.74463215416615,2.02895626707305,1.09453655698549,1.6836557197964,1.03374588590353,0.39053722246056,0.936051819373581,-0.00898795135082884,1.01812826476192,0.30319190487556,0.837063390508653,0.0717882936290758,0.572736318762558,-0.23514330891609,-0.525555025706808,-1.33364529188709,0.709693689667644,0.581433201475097,0.528243809214466,1.23332145029776,1.00027552148702,-1.96165550277568,2.75345832442609,1.21095480225642,2.74973682751963,-1.14099268409711,1.24207690471351,1.65028135599209
"USE-20-R3",5.03917970354095,4.11405759161426,0.192993001674003,5.64000194410572,1.44831655099928,2.36616611405873,3.81827547832997,5.51997741625293,3.55512860594812,0.917482790300752,0.921327303189916,1.40208772284646,4.18043270942957,1.23238374913266,2.70795038680429,2.22153860524075,2.00344582694282,0.579202876383742,1.97066041483768,5.7709922244663,1.25834846780524,1.54322521939934,0.491282811369043,1.11900160188209,0.499264893960341,-0.353121609491599,0.175697993680194,-0.628786065277253,0.304712659801083,-0.436361665512404,-0.0372891029535229,-0.740725060419406,0.360024310484914,-0.70940312783693,-0.934885246522087,-0.199043301941553,0.709693689667644,0.0909987068870164,0.851793655568206,0.42130217304271,-0.886502503402452,-1.96165550277568,3.0690443649567,1.0677703834719,3.05607331961619,-1.14099268409711,0.778385445146965,0.667960961904048
"USSB-01-R1",6.07473423432775,5.00709027912664,2.39411873412754,6.19040683329433,2.61259414378818,2.84721495990374,1.8498261546148,3.45802700295669,1.5593476573605,2.32318435043613,0.0406764534616182,2.46143554060527,3.08121888539365,2.58684988985768,3.4504666157382,0.685515239900083,1.86885463045338,0.579202876383742,-0.874520066371068,3.2025373575547,2.72089755565689,3.02165063095517,2.06459696154416,2.64796424403417,1.89931711966903,1.05322769550611,1.86321416418256,1.04640693977761,1.81412823317919,1.17979803782367,1.60238464662886,0.846420934826924,1.7617304352705,0.946164906851375,-0.934885246522087,0.308918316200855,0.709693689667644,0.636049566845192,-0.209006466211742,1.47137631194309,1.80599817993811,-1.96165550277568,1.70256573399031,0.569023298623022,1.49914617020514,0.132999426986692,2.34321926608434,2.04414195283671
"USSB-01-R2",5.95452471156311,5.01175472370638,2.2581391048157,6.20731889913536,2.61022872569794,2.79123202491759,1.79868328152718,3.42353033481466,1.55818418371011,2.33218721848269,1.75387234373783,1.9616315933452,3.02956817638492,2.38156706948178,3.45825942835062,0.458914110555256,1.80022801443514,0.579202876383742,-0.874520066371068,3.24200967071656,2.40236143247328,2.70669793813091,1.71900421008179,2.29435034363025,1.56498881612894,0.656319762878524,1.5530371767235,0.733312824994254,1.5908316594469,0.933482717858235,1.46748325417498,0.669474889960458,1.51726117330615,0.773655920802941,-0.293147788526821,0.135904905433529,0.709693689667644,0.569247440153294,0.219875300243065,1.33861764310607,1.5332666206832,-1.96165550277568,1.66411774292666,0.598382355605958,1.41268683477617,-0.135346841967613,2.09413279706653,2.020512782946
"USSB-01-R3",5.94528735298936,4.98750317366062,2.23806527133405,6.19616976947532,2.61019783451236,2.85225129775279,1.96385254252283,3.47986429364988,1.5359761403126,2.33230741847372,1.38247952829736,1.87187812579531,3.03149706586847,2.45006147665469,3.6292955085323,0.685292231419778,1.99937245009277,0.579202876383742,-0.874520066371068,3.16544896576428,2.50097965598668,2.79800724866531,1.81587076706991,2.39353431346007,1.54831447362132,0.738206286668021,1.58463825226167,0.712914749138433,1.52886251074807,0.921555411698915,1.40900791207768,0.630972001362567,1.48164996000451,0.782642107927826,-0.934885246522087,0.192345424848597,0.709693689667644,0.260427846145192,-1.41652776255884,1.75139795860913,1.73218906562274,-1.96165550277568,1.70867689124108,0.74326887000351,1.43680178733439,-0.749244308946186,2.16279705918937,2.0163105283801
"USSB-02-R2",4.28894906934164,3.75521863281564,0.66199964599967,3.79766518141145,-1.19323831454433,1.69327518829438,2.02536667816313,4.89655710700507,0.913908318569928,0.172592127384244,0.0406764534616182,1.34212290852802,1.73397139352395,1.22172990965241,2.77858945026651,-0.573137820742032,1.67690633307851,0.579202876383742,-0.874520066371068,3.2504430655282,1.33853605989384,1.62985871592826,-0.382902929448815,0.429610183784364,-0.681608435946947,-3.03514056125771,-0.390390891755342,-1.19600184259892,-0.361205941478496,-0.57809582143841,-0.617311736239539,-1.73424019273592,-0.773822589255388,-1.71746786736372,-0.934885246522087,0.356761103041203,0.709693689667644,1.1888281443106,0.967594862613887,1.33064483383303,1.54210885996521,-1.96165550277568,2.23333174321569,0.75362934348516,2.25333429549605,-0.839962688433127,0.753683696279921,0.207088827120244
"USSB-06-R1",4.18474589540478,3.26494821202023,0.27375419997983,3.91426338483906,-1.19323831454433,2.1023956286582,4.34928471767195,4.69180561998309,0.451281374822675,-1.72163290118192,1.02328472860038,1.19584744220783,1.93010917356797,1.88331960484994,3.25241911096285,-0.573137820742032,1.66954420167881,0.579202876383742,0.844154376665118,2.96591029920277,0.9250904634493,1.04638490151956,-0.176909859441688,0.229876982763315,-0.224393015215068,-0.353413679518804,-0.208803072906524,-0.662848192322273,0.0395662048236181,-0.276969432229712,-0.341621361794579,-0.865936781307119,-0.0358052388203276,-0.97200436654538,-0.934885246522087,0.326720162985095,0.709693689667644,1.15591182994803,0.452534804544697,1.38889669700424,1.45577531337768,-1.96165550277568,1.39612807711882,0.674844557897327,1.40790835104567,0.871968836666014,0.400578821924005,0.10010250665548
"USSB-07-R1",4.82140533930112,4.28406865169066,0.803624126409447,4.2391460693362,0.508141025038333,2.34987885592384,2.55140367309063,4.40158968776435,1.74790642447384,0.649053004572939,0.0406764534616182,1.41577978138679,2.59310004051783,3.06620473430539,4.4586420704537,1.02377001514209,1.96648842858714,0.579202876383742,-0.874520066371068,3.91157121929983,1.17911213763355,1.35803239889238,0.362357051664725,0.731679697799109,0.260650241183733,-0.991084225955688,-0.421641936382374,-0.947788249801355,0.186687496972343,-0.306033594416336,-0.188215786036642,-0.766609803952677,0.0582349528878182,-0.698258036822351,-0.934885246522087,0.394230447471904,0.709693689667644,1.10952422506305,1.00119653645807,1.42263059622712,1.76675568215357,-1.96165550277568,1.53525669145758,1.42621137884457,1.38698508871623,1.09711681725602,0.780328523436731,0.00349447668622002
"USSB-10-R1",6.26344671765703,5.37692834506213,2.10820700906032,5.66517527333805,2.34894304090558,2.95572293433469,3.42132255980983,6.09432940166991,2.09088094598173,2.65918597467495,1.27496373929399,3.47043333120787,3.45552568088534,2.76907214694888,5.00849768371887,1.4009251135035,2.46214354536091,0.579202876383742,-0.874520066371068,3.94190338891895,2.91987904237743,3.21371293730757,2.22672110755156,2.8141834380332,2.07641984861781,1.36186752302473,2.00045847963907,1.11043572502291,1.84731884712275,1.19190201065137,1.56871094588044,0.720490542161327,1.58685623025991,0.739063657363328,-0.934885246522087,-1.03261529622311,0.709693689667644,0.965475344127959,1.1883173715245,1.36380433850968,1.11688404529019,1.08081004183516,3.02489655896425,1.56391023062526,3.00307318729486,1.04383138141419,2.48225305983846,1.74481546319654
"USSB-10-R2",6.22813180784474,5.37107089361223,2.0592542072044,5.60530274564384,2.31029451246543,2.92998640294077,3.44080139052726,6.07894672972425,2.05193124356137,2.63092799772818,0.0406764534616182,3.43666563433879,3.4383247911839,2.74296245751648,4.99819918301349,1.43935009959463,2.44988623580652,0.579202876383742,-0.874520066371068,3.98536803704096,2.8754403963322,3.18065533210924,2.1975987978577,2.76796995765055,2.057977941133,1.34743837991046,1.95793243879284,1.10313797860448,1.8156951285085,1.0768074273678,1.54687104224731,0.584085932303129,1.53376816617843,0.697440041353835,-0.934885246522087,0.157736168671304,0.709693689667644,0.858764705530829,1.34315758470476,1.56188047255654,1.1207996596461,1.00312804631066,3.00266085897341,1.57301592806511,2.98034579765519,0.889348357231361,2.430276964338,1.73621465803468
"USSB-16-R1",5.28336683531616,3.27940325873775,1.22787576629378,5.12268944034654,1.39005407134932,2.50289166576337,2.32836977233889,4.79496386216077,1.01736447998987,1.65451162067416,2.3460782269481,1.62615884267757,2.12630538391717,2.26927693865882,3.59869501090691,-0.573137820742032,1.86342578987521,0.579202876383742,-0.874520066371068,3.10279268925001,1.65243406592476,1.90129651915758,0.794067119186849,1.44031342174584,0.968365014184558,0.0823959695542555,0.740750601170012,-0.150664128758949,0.709274890992754,0.14904279921575,0.33321376320865,-0.174043734970953,0.0591950159669097,-0.117224794684519,-0.934885246522087,-1.33364529188709,0.709693689667644,1.03513641782677,0.936989702602471,1.52720674525832,1.65864358078953,-1.96165550277568,1.53853811353745,0.919322680358373,1.06000763612915,-1.14099268409711,1.434241405367,1.26864686363377
"USSB-17-R1",4.69215981075808,4.53173762219711,0.985570613734811,6.72969432097679,2.71322867211689,2.81330757042055,3.45020156287957,3.28037109431037,0.873266669938,0.672595155177832,1.68035666750183,1.65089502892645,3.32153856443705,1.18539046507548,3.11295063733921,-0.573137820742032,1.90587290798974,0.579202876383742,-0.874520066371068,3.3951215547823,1.3336245942646,1.65266428562881,0.440151512355204,0.927119566352535,0.539231531358638,-0.687556261959456,0.557305095495864,-0.523859808286358,0.41624523144072,-0.871703702711388,-0.0705264137955259,-0.74143341665942,0.326656613708305,-1.1552321284108,-0.934885246522087,-1.33364529188709,0.709693689667644,2.91563752253803,0.904364096720331,0.979446911130874,-0.886502503402452,-1.96165550277568,1.54714348166325,0.829590283128569,1.55804734291469,0.53425364118746,0.768657695945039,1.04247239093349
"USSB-17-R2",4.7229612502687,4.58651198253082,0.326438645166274,6.76691950874254,2.73397327020582,2.87825854119066,2.8528923696382,3.2053364363047,1.39594085260713,0.633516812893961,1.75356140004433,1.90323476937028,3.37177165347357,1.26726890196377,3.08807931180136,-0.573137820742032,1.85751692217303,0.579202876383742,-0.874520066371068,3.54903228782781,1.2481007783941,1.44275817926473,0.458860713330255,1.11064880489682,0.0215856138545079,-0.713937676935518,-0.150036093166919,-0.27758918937614,0.231015317582697,-0.294651681360496,-0.217905331719135,-0.618105409722059,0.199408767129336,-0.731994965006018,-0.934885246522087,0.154143975986575,0.709693689667644,1.73418116558524,0.809690137097609,1.51535225729278,1.65855541586272,-1.96165550277568,1.59009144510548,0.68309036464258,1.60102224692274,-1.14099268409711,0.740103389044491,1.03967858933806
"USSB-17-R3",4.74826403609018,4.54443830355792,0.400559895126372,6.75679412414551,2.7095284754586,2.87592856967038,2.87717513266623,3.13666612566897,1.059512218579,0.824448028568241,1.75860984760281,1.64777846425834,3.33033476798929,1.2335728300761,3.02842686569155,-0.573137820742032,2.02478542876335,0.579202876383742,-0.874520066371068,3.45527489828729,2.01327020173452,2.22690521638798,0.560686700447885,1.16122705041685,0.338366698324211,-0.286388262469188,0.601201570944823,-0.349101170045238,0.254380515515141,-0.472810379386958,-0.0731021518931744,-0.595168899871633,0.204736945172969,-0.496531485412663,-0.934885246522087,-1.33364529188709,0.709693689667644,0.589313310923038,0.114342553089397,0.664892285886444,1.0542952248725,-1.96165550277568,1.72128785736429,0.772034814632518,1.55678009978405,-1.14099268409711,0.762214607511471,1.00432974784804
"USSB-18-R1",5.73554737116806,4.64286335356387,1.90810147819196,6.45150770524899,2.00653492018356,2.49658644703308,2.44457631839237,3.2150411262691,1.07351233319192,1.23476803044069,0.0406764534616182,2.47682713308615,3.66679890389822,2.44662737797998,3.649345775252,0.382069624862197,1.75133340188227,0.579202876383742,-0.874520066371068,3.27696767154787,2.50877857369859,2.77854118236624,1.81794628753438,2.41556357752542,1.6228133576194,0.931956385325746,1.60593307195161,0.873533421684093,1.68528230011191,0.933141291893691,1.35181117614173,0.606879848159952,1.40550313958277,0.57323802996066,-0.934885246522087,-1.33364529188709,0.709693689667644,0.0302315122059062,1.02305053982765,1.26495790807107,1.39231152238614,-1.96165550277568,2.23408476631144,1.05744751838239,2.11806882993262,-1.14099268409711,2.08878675290499,1.63561708553033
"USSB-18-R2",4.98753855220989,4.61865845395459,1.25374606542903,6.44160936935768,2.07734252650188,2.52867305627972,2.40413342389193,3.22244416401992,1.23323395398537,1.12079530087595,0.0406764534616182,1.46164610223835,3.65616501498657,2.30158813413037,3.64262415253791,0.3848368404415,1.84351272059369,0.579202876383742,-0.874520066371068,3.34997164617316,1.85598602286149,2.05185234931424,1.08671144055401,1.79707032297608,1.06927902272422,0.561091968289309,1.33233741064671,0.723285746076066,1.50785241016472,0.857196320513171,1.27269803488536,0.405675007469967,1.28784824397355,0.351599939207742,-0.934885246522087,-1.33364529188709,0.709693689667644,-0.136785866380866,1.01420596676543,-2.24969918391378,1.39198155189066,-1.96165550277568,2.19927227320628,0.819143477029024,2.14923655568656,-1.14099268409711,1.1839329570617,1.68292904159408
"USSB-19-R1",5.89302390784083,4.60064899183129,2.02571202069162,6.4811300864972,1.89123176515982,2.67398933114397,4.29778440167764,3.73849566345823,1.42691720137875,2.01933820170858,0.0406764534616182,2.88614445317899,4.33394730482475,2.4015863732282,3.73348021008558,0.316580968753782,1.80305009916348,0.579202876383742,-0.874520066371068,3.39672135683164,2.58022957066211,2.86500950846877,1.92949512730974,2.49319642612295,1.72295821635208,1.04325528561532,1.66321540465935,0.824206756545312,1.59574512758283,0.929564305760894,1.38751830607252,0.469164010437324,1.48866045332201,0.442977217706836,-0.934885246522087,0.312200902556301,0.709693689667644,0.0972182093655171,0.925778435942794,1.13483126459792,1.42134828899875,-1.96165550277568,2.25200797546884,1.48828601788167,2.13163562876382,-1.14099268409711,2.19354464157591,1.78761239162846
"USSB-19-R2",5.78051814949618,4.51679661363345,1.97903918525569,6.44356288158584,1.90431640753961,2.55413788679227,3.01924845803251,3.15348885152957,1.29802007871025,1.98288802585486,1.53092470455519,2.36330608144966,4.33435141367602,2.25213483234897,3.71509566303193,0.0371602755183398,1.71222078796842,0.579202876383742,-0.874520066371068,3.2751998349853,2.44185418399468,2.71961760334283,1.76381410521429,2.3323895524124,1.6292423365082,0.908716906372754,1.46664322456646,0.739290074914268,1.56539698106478,0.819250690443947,1.28078595112518,0.440785117109748,1.2216245129383,0.483581125695876,-0.104509487725662,-0.582958418895713,0.709693689667644,0.330866580471905,0.893759881848414,1.18418667898088,1.3647087679878,0.529439899611404,2.26058467942845,0.899544253399166,2.18261212330786,0.610111570914398,2.02757248692137,1.8186793110338
"USSB-21-R1",4.56438335238772,2.94824657881508,0.650835666691887,3.92102386135045,-1.19323831454433,2.15262554840886,3.378032808749,3.32515280872241,0.419287509885369,-1.42060290551794,0.629580330822259,1.38902333409873,1.94515730319217,1.67271038218135,3.03632877143493,-0.573137820742032,1.58060017917916,0.579202876383742,-0.874520066371068,2.84312486386227,2.95039611808857,3.17902414796111,0.586005124079129,0.97112920368442,-0.00252178047772952,-0.786630699455145,0.111349068470109,-0.511134138099867,-0.262610435962084,-0.157245168240107,0.169184198394858,-0.48967967670178,0.135636134974989,-0.651931495133826,-0.934885246522087,-0.0463710392673837,0.709693689667644,0.75701727878202,0.229273786234798,0.214783568084503,1.35557577048478,-1.96165550277568,1.41747989020876,1.31593182841467,1.33565809079135,-1.14099268409711,0.736866691701533,0.198116533191432
"USSB-21-R2",4.54898170775582,3.35066511410268,0.591206261656215,3.85199874948292,-1.19323831454433,1.86156225243704,3.36067348817305,3.12209694369841,0.338049219091533,-0.474325556474208,0.0406764534616182,1.10811638818623,1.84532500899712,1.21328496136774,2.53503025969722,-0.573137820742032,1.68898601137383,0.579202876383742,-0.874520066371068,2.79350377484275,2.81502203896049,3.00964569215054,0.32324974238215,0.9059277016013,0.236978751633535,-0.570045314239331,0.182983691403466,-0.583554398596308,0.239431759586901,-0.25954567797244,-0.174004195196223,-1.35696103856161,0.209620389807721,-0.779305018619219,-0.934885246522087,-1.33364529188709,0.709693689667644,0.784437088771198,0.730406853133084,0.895882978983414,1.09020899625973,-1.96165550277568,1.38482728108369,0.188363528422527,1.23220980737633,-1.14099268409711,0.536997392013492,0.160005590424314
"USSB-21-R3",4.57391024448237,3.30763651267721,0.0351114779482256,3.85341658519215,-0.54432825956063,1.91174919611506,3.3848237825882,3.06345075632993,0.449106913090008,0.0326859953425647,0.0406764534616182,1.35182503163906,1.90909800662024,1.51744729538245,2.83896881127021,-0.573137820742032,1.65323645274332,0.579202876383742,-0.874520066371068,2.62655089844716,2.80758562754338,3.01348930523249,0.198114811939952,0.779922135266175,-0.209054613365176,-0.750248165955798,0.0496945014434442,-0.928678772137476,0.271769264721591,-0.228331620906476,0.0312045390382656,-0.840275507076094,0.0515948781196065,-0.763062995232471,-0.934885246522087,-0.791537821763594,0.709693689667644,0.872122001139708,0.955753696431832,1.05570479333444,-0.104579653166012,-1.96165550277568,1.28297273156057,1.15932969168598,1.14398870641567,-1.14099268409711,0.839735975277047,0.289090751308562
"USSB-22-R1",4.00923250618891,2.76104167594417,0.545435646712259,3.89296526816658,-1.19323831454433,1.96657374126076,1.97773724346349,2.54618229467282,0.288611503578045,-1.72163290118192,1.12412750356941,1.44700372024884,1.65971878354335,1.83053661598492,2.75140071161617,-0.573137820742032,1.43315579940619,0.579202876383742,-0.874520066371068,3.04603463418651,1.677377626476,2.01519859220727,-0.322005833770276,0.280066231570052,0.388355068258479,-0.0294351931359089,0.613676326386081,0.162082595138142,1.11376150586098,0.345744866075915,0.989853309996318,0.00754078039024254,0.638170703129188,-0.112553881596448,-0.934885246522087,-1.33364529188709,0.709693689667644,0.0800535953980757,0.30633056918596,1.47931232756699,0.883794704499624,-1.96165550277568,0.92598473712408,0.747330919277452,0.513788035510557,0.406919189090612,0.259914094486858,0.409340429683958
"USSB-22-R2",5.43553278677226,3.08308792211524,1.67223233461778,4.79141419007264,1.52271355550635,3.05599852486975,2.30942205283567,3.13869721682393,0.981051876646567,-0.547066272761363,0.0406764534616182,2.25758354509703,2.39894398166418,2.11892339416478,2.81570966527842,0.449967477091206,1.665168452135,0.579202876383742,-0.874520066371068,3.34434851619665,2.88483862105049,3.17516314130339,1.52179878181643,2.12854554836547,1.31210460675882,0.680251501601933,1.36424163387558,0.517680436034875,1.2858893296273,0.641508701880993,1.09868891061116,0.302303629524771,1.15963903542719,0.203698277987742,-0.934885246522087,-1.33364529188709,0.709693689667644,0.257716877373546,-0.00831273583628992,0.894938940706258,0.581285498379209,-1.96165550277568,1.48877681009694,0.833447966257737,1.45085712210948,0.106269083372436,1.72164341869238,0.509875651743464
"USSB-22-R3",4.52753112233062,3.20857123670051,0.723249216112798,4.11041167256026,0.540810714745868,2.14390549377422,1.80943239971464,3.13142015510921,0.543703432649302,0.799820450258089,0.794859398352946,1.24024447392894,3.0035699248764,2.08950224966758,3.26289946114636,-0.573137820742032,1.42989042517857,0.579202876383742,-0.874520066371068,3.07647601374994,3.33510921543823,3.63988882873345,0.520512057840265,1.14425282000776,0.0848713397717175,0.13482087116993,0.961893510231769,0.250471460599284,1.05238214050633,0.374981653531723,0.818152875227441,0.0474519317703147,0.982109379049506,0.0951960908539752,-0.934885246522087,-1.33364529188709,0.709693689667644,1.15259454310225,-0.525494751719188,1.09623848981324,1.26581661431416,-1.96165550277568,1.25861213745673,0.483325285410035,1.16546533096518,-1.14099268409711,0.808834235044365,0.417030709879232
"USSB-27-R1",4.26322409993707,4.06189762930972,0.358339284698953,4.33214198553833,-1.19323831454433,2.15260702195548,2.51511558113567,3.51776355604477,4.22039876969983,-0.353462111741183,0.0406764534616182,0.927957939317534,3.66788359873142,1.10106500887212,2.32226793520708,-0.573137820742032,1.57248127336478,0.579202876383742,2.51899342733004,6.34793859475499,1.20447405250932,1.1773947732162,-0.158799298937368,0.382902073431609,-0.0592693869292525,-0.216999846385041,-1.08685516638842,-0.764860931313421,-0.345749457508124,-0.552712728212211,-1.14606422749064,-0.819309337455685,-0.458569573698909,-0.896430771031652,-0.934885246522087,-1.33364529188709,0.709693689667644,0.470179312564343,-1.11549776689486,0.0788481736287403,1.20905562226723,-1.96165550277568,1.21226641225723,0.664705787018795,1.17319400151756,-1.14099268409711,0.00577022826678676,0.166599895841072
"USSB-27-R2",4.29302118146502,4.0566522977753,0.583955509167698,4.34258879105519,0.0833571770346656,1.98886994713873,2.52517676738235,3.41282216275169,4.20893565969269,-0.176791598537069,0.0406764534616182,1.17550052725499,3.66193523214723,1.20379828644397,2.13476957959004,-0.573137820742032,1.53498124607268,0.579202876383742,2.57398276323894,6.35203661612394,1.04912815286031,1.02831554867309,-0.138644347306598,0.404688610022933,-0.167853258914051,-0.196854566945408,-0.378393088278499,-1.48991717011053,0.199549072486512,-0.118720178109962,0.261034859782144,-0.985123888530073,-0.196752108170874,-1.41643787169974,-0.934885246522087,0.0102597344283788,0.709693689667644,0.664737117515676,0.58100996684541,0.475875333410623,1.07720517105317,-1.96165550277568,1.06527703540543,0.487527303735814,1.03443519747053,-1.14099268409711,-0.3610725461306,-0.17669017241811
"USSB-27-R3",4.2754799893318,4.05631760176687,0.0899510624163963,4.31528223657304,0.143987400010018,1.96967980153777,2.49821707100171,3.35374545066887,4.20213129311612,0.211533834732085,0.0406764534616182,1.07225684164816,3.66296461420205,1.08235332149499,2.1953080246259,-0.573137820742032,2.38968108928058,0.579202876383742,2.56672997031058,6.34023684146652,1.2668098063605,1.22708073424588,-0.195975960065369,0.444285001601147,0.179197282006375,-0.4350259072774,-0.18127306331251,-0.432869771526369,-0.222764593244305,-0.386753990204442,-0.196278803734209,-0.610264329681424,-0.773822589255388,-0.513374548748137,-0.934885246522087,0.294916180745148,0.709693689667644,0.614695414423947,0.501700669174296,0.374638283808699,1.03745007365214,-1.96165550277568,1.10928575009493,0.596119497188135,1.25678104574123,-0.297333796843442,-0.230181470649644,0.158703338397967
"USSB-31-R1",5.70658021418503,3.87605448218984,1.49104554407249,4.76839244855984,1.59848739648134,2.57889385032451,2.49101667662618,4.90286123746499,1.36011546149776,1.75213615896634,1.52753179149568,1.77861114171242,4.11009683944976,2.66953669813144,3.79290057818961,-0.573137820742032,2.80302869685106,0.579202876383742,-0.874520066371068,3.45682897562197,2.1212836678277,2.43691964747154,1.50804739424033,2.07330869659003,1.45241508533324,0.716473993630661,1.21708372873096,0.631034461465965,1.28884547181675,0.650676589123141,1.18660176490454,0.281092574345985,0.85920593560125,0.0277246773081073,-0.934885246522087,-0.220510252975337,0.709693689667644,0.756142704329439,0.679360016052821,1.56055494299107,-0.886502503402452,-1.96165550277568,1.92437276462899,1.09439795168794,1.7771790175282,-1.14099268409711,1.28099263926796,1.19914893827537
"USSB-31-R2",6.01554829909898,3.83507236046423,1.98942638080977,4.73263570234587,1.55165511337447,2.56066957877782,2.37816115067052,4.88447064075339,1.45363022608361,1.7563926169826,0.0406764534616182,2.95351559954432,4.09497127122675,2.649949365179,3.37241898937742,0.51165847867151,2.51780403934019,0.579202876383742,-0.874520066371068,3.50085748450739,2.56622429552026,2.89170706800322,1.92069024008653,2.51526339709125,1.87912810624138,1.07954137672935,1.69678074709119,0.758026852936224,1.67970548115845,0.862178900147908,1.50712004277394,0.396611391035869,1.2098395736288,0.445207754779684,-0.934885246522087,-1.33364529188709,0.709693689667644,0.866280009678604,1.13329631717508,0.97841515392494,-0.886502503402452,-1.96165550277568,1.86875914025242,0.892910715335934,1.7302048136338,-1.14099268409711,2.02391919647824,1.22729176939746
"USSB-40-R1",4.40147662468733,3.81212448051602,-0.462521660527457,4.02644353653597,1.98683203939015,2.05203259867545,2.09328673157698,2.94121176043251,0.698673078581335,-1.72163290118192,0.0406764534616182,1.43838151644859,2.22992420129519,1.15244130687002,2.53827008108901,-0.573137820742032,5.5327050766951,0.579202876383742,-0.874520066371068,3.90797823933035,1.0274838785463,1.33851037719533,-0.172534177982233,0.424086528920879,0.336702174726175,-0.908367706754853,-1.08685516638842,-0.481949476463947,0.262660847065958,-0.326565322294181,-0.116611601981185,-0.702366517009132,-0.773822589255388,-0.266904953424221,-0.934885246522087,-1.33364529188709,0.709693689667644,0.868837725852576,0.641083233778532,1.20211666750612,0.972675331984545,-1.96165550277568,1.54828940874425,0.607976390268301,1.38198744980351,-1.14099268409711,0.578171273034094,0.343274599469449
"USSB-40-R2",4.30115338407328,3.81884379258506,-0.462521660527457,4.19832179307524,1.98901783686617,2.24806480456273,2.2179878347982,3.06353733251868,0.688389165550256,-1.72163290118192,0.0406764534616182,1.41626223894544,2.07492104854901,1.30998315940787,2.63169001401326,-0.573137820742032,5.5339559620278,0.579202876383742,-0.874520066371068,3.84927730125714,1.36245336422614,1.61846742241589,0.520644359624009,0.919854280862489,0.414559426115187,-0.635036383829971,0.381708010980468,-1.79094716577451,0.29869063089271,-0.0310395341038255,-0.00823917374263194,-0.548626012886743,0.0796919487719425,-1.71746786736372,-0.934885246522087,-1.33364529188709,0.709693689667644,0.609520653492296,0.250947971548399,-2.24969918391378,0.405512863734838,-1.96165550277568,1.60299415999643,0.772311705698733,1.43409759676892,-1.14099268409711,0.511201396882877,0.223372879011367
"USSB-40-R3",4.22063682654403,3.81839461104307,-0.462521660527457,4.05583583727516,2.01418309825895,2.28832544856649,2.25082908622733,3.14558757180537,0.83653472010704,-1.72163290118192,0.0406764534616182,1.46440548286283,2.26178442073441,0.912262554299821,2.29177746735919,-0.573137820742032,5.5513020365636,0.579202876383742,-0.874520066371068,3.93403131025261,1.26781607637858,1.56821339038956,0.170597565333413,0.653293493717404,0.303769695362316,-3.03514056125771,0.266947736520229,-1.79094716577451,-0.0763762237703075,-0.30842764202639,-0.635246697566371,-1.73424019273592,-0.773822589255388,-0.723878940548348,-0.934885246522087,-1.33364529188709,0.709693689667644,0.784767100578595,0.747853681909667,1.51705180188582,1.04362686558555,-1.96165550277568,1.60397481764075,0.753030846110807,1.58542224846605,-0.226348925678955,0.277363696757156,-0.00327516593447947
